timestamp,example,version,iteration,operation,scenario,direction,pipeline,rows,durationMs,outputRows,checksum,url
"2026-06-25T18:49:02.113Z","v8/sorting-fns","v8",1,"sorting","alphanumeric","asc","operation",30000,115.19999998807907,30000,"0:29608:abacus-270415;15000:8109:knight-291949;29999:859:zen-299224","http://127.0.0.1:41740"
"2026-06-25T18:49:02.248Z","v8/sorting-fns","v8",2,"sorting","alphanumeric","asc","operation",30000,113.90000000596046,30000,"0:29608:abacus-270415;15000:8109:knight-291949;29999:859:zen-299224","http://127.0.0.1:41740"
"2026-06-25T18:49:02.456Z","v8/sorting-fns","v8",3,"sorting","alphanumeric","asc","operation",30000,181.20000000298023,30000,"0:29608:abacus-270415;15000:8109:knight-291949;29999:859:zen-299224","http://127.0.0.1:41740"
"2026-06-25T18:49:03.943Z","v8/sorting-fns","v8",1,"sorting","alphanumeric","asc","operation",300000,1265.4000000059605,300000,"0:299876:abacus-173;150000:91518:knight-208529;299999:859:zen-299224","http://127.0.0.1:41740"
"2026-06-25T18:49:05.738Z","v8/sorting-fns","v8",2,"sorting","alphanumeric","asc","operation",300000,1252.8999999910593,300000,"0:299876:abacus-173;150000:91518:knight-208529;299999:859:zen-299224","http://127.0.0.1:41740"
"2026-06-25T18:49:07.237Z","v8/sorting-fns","v8",3,"sorting","alphanumeric","asc","operation",300000,1292.199999988079,300000,"0:299876:abacus-173;150000:91518:knight-208529;299999:859:zen-299224","http://127.0.0.1:41740"
"2026-06-25T18:49:07.379Z","v8/sorting-fns","v8",1,"sorting","alphanumeric","desc","operation",30000,118.90000000596046,30000,"0:859:zen-299224;15000:9357:knight-290688;29999:29608:abacus-270415","http://127.0.0.1:41740"
"2026-06-25T18:49:07.523Z","v8/sorting-fns","v8",2,"sorting","alphanumeric","desc","operation",30000,119.1000000089407,30000,"0:859:zen-299224;15000:9357:knight-290688;29999:29608:abacus-270415","http://127.0.0.1:41740"
"2026-06-25T18:49:07.668Z","v8/sorting-fns","v8",3,"sorting","alphanumeric","desc","operation",30000,121.70000000298023,30000,"0:859:zen-299224;15000:9357:knight-290688;29999:29608:abacus-270415","http://127.0.0.1:41740"
"2026-06-25T18:49:09.387Z","v8/sorting-fns","v8",1,"sorting","alphanumeric","desc","operation",300000,1469.5,300000,"0:859:zen-299224;150000:93229:knight-206783;299999:299876:abacus-173","http://127.0.0.1:41740"
"2026-06-25T18:49:10.889Z","v8/sorting-fns","v8",2,"sorting","alphanumeric","desc","operation",300000,1294.3999999910593,300000,"0:859:zen-299224;150000:93229:knight-206783;299999:299876:abacus-173","http://127.0.0.1:41740"
"2026-06-25T18:49:12.609Z","v8/sorting-fns","v8",3,"sorting","alphanumeric","desc","operation",300000,1268,300000,"0:859:zen-299224;150000:93229:knight-206783;299999:299876:abacus-173","http://127.0.0.1:41740"
"2026-06-25T18:49:12.760Z","v8/sorting-fns","v8",1,"sorting","alphanumericCaseSensitive","asc","operation",30000,128.79999999701977,30000,"0:24577:Item-CD-275459;15000:28780:item-CD-271288;29999:1388:item-zen-298642","http://127.0.0.1:41740"
"2026-06-25T18:49:12.908Z","v8/sorting-fns","v8",2,"sorting","alphanumericCaseSensitive","asc","operation",30000,128.20000000298023,30000,"0:24577:Item-CD-275459;15000:28780:item-CD-271288;29999:1388:item-zen-298642","http://127.0.0.1:41740"
"2026-06-25T18:49:13.056Z","v8/sorting-fns","v8",3,"sorting","alphanumericCaseSensitive","asc","operation",30000,130,30000,"0:24577:Item-CD-275459;15000:28780:item-CD-271288;29999:1388:item-zen-298642","http://127.0.0.1:41740"
"2026-06-25T18:49:14.774Z","v8/sorting-fns","v8",1,"sorting","alphanumericCaseSensitive","asc","operation",300000,1507.699999988079,300000,"0:291407:Item-CD-8612;150000:297852:item-CD-2210;299999:1388:item-zen-298642","http://127.0.0.1:41740"
"2026-06-25T18:49:16.666Z","v8/sorting-fns","v8",2,"sorting","alphanumericCaseSensitive","asc","operation",300000,1463.7999999970198,300000,"0:291407:Item-CD-8612;150000:297852:item-CD-2210;299999:1388:item-zen-298642","http://127.0.0.1:41740"
"2026-06-25T18:49:18.371Z","v8/sorting-fns","v8",3,"sorting","alphanumericCaseSensitive","asc","operation",300000,1499.7000000029802,300000,"0:291407:Item-CD-8612;150000:297852:item-CD-2210;299999:1388:item-zen-298642","http://127.0.0.1:41740"
"2026-06-25T18:49:18.522Z","v8/sorting-fns","v8",1,"sorting","alphanumericCaseSensitive","desc","operation",30000,130.3999999910593,30000,"0:1388:item-zen-298642;15000:859:Item-zen-299224;29999:24577:Item-CD-275459","http://127.0.0.1:41740"
"2026-06-25T18:49:18.673Z","v8/sorting-fns","v8",2,"sorting","alphanumericCaseSensitive","desc","operation",30000,129.8999999910593,30000,"0:1388:item-zen-298642;15000:859:Item-zen-299224;29999:24577:Item-CD-275459","http://127.0.0.1:41740"
"2026-06-25T18:49:18.824Z","v8/sorting-fns","v8",3,"sorting","alphanumericCaseSensitive","desc","operation",30000,132.79999999701977,30000,"0:1388:item-zen-298642;15000:859:Item-zen-299224;29999:24577:Item-CD-275459","http://127.0.0.1:41740"
"2026-06-25T18:49:20.681Z","v8/sorting-fns","v8",1,"sorting","alphanumericCaseSensitive","desc","operation",300000,1570.199999988079,300000,"0:1388:item-zen-298642;150000:859:Item-zen-299224;299999:291407:Item-CD-8612","http://127.0.0.1:41740"
"2026-06-25T18:49:22.395Z","v8/sorting-fns","v8",2,"sorting","alphanumericCaseSensitive","desc","operation",300000,1507.7000000029802,300000,"0:1388:item-zen-298642;150000:859:Item-zen-299224;299999:291407:Item-CD-8612","http://127.0.0.1:41740"
"2026-06-25T18:49:24.379Z","v8/sorting-fns","v8",3,"sorting","alphanumericCaseSensitive","desc","operation",300000,1463.300000011921,300000,"0:1388:item-zen-298642;150000:859:Item-zen-299224;299999:291407:Item-CD-8612","http://127.0.0.1:41740"
"2026-06-25T18:49:24.452Z","v8/sorting-fns","v8",1,"sorting","text","asc","operation",30000,52.5,30000,"0:24217:aaliyah boyer;15000:22841:johanna skiles;29999:24419:zula stracke","http://127.0.0.1:41740"
"2026-06-25T18:49:24.527Z","v8/sorting-fns","v8",2,"sorting","text","asc","operation",30000,55.20000000298023,30000,"0:24217:aaliyah boyer;15000:22841:johanna skiles;29999:24419:zula stracke","http://127.0.0.1:41740"
"2026-06-25T18:49:24.600Z","v8/sorting-fns","v8",3,"sorting","text","asc","operation",30000,54.70000000298023,30000,"0:24217:aaliyah boyer;15000:22841:johanna skiles;29999:24419:zula stracke","http://127.0.0.1:41740"
"2026-06-25T18:49:25.785Z","v8/sorting-fns","v8",1,"sorting","text","asc","operation",300000,975.2999999970198,300000,"0:45315:aaliyah barrows;150000:289179:johnson berge;299999:52290:zula zulauf-osinski","http://127.0.0.1:41740"
"2026-06-25T18:49:27.165Z","v8/sorting-fns","v8",2,"sorting","text","asc","operation",300000,969.2999999970198,300000,"0:45315:aaliyah barrows;150000:289179:johnson berge;299999:52290:zula zulauf-osinski","http://127.0.0.1:41740"
"2026-06-25T18:49:28.337Z","v8/sorting-fns","v8",3,"sorting","text","asc","operation",300000,965.5,300000,"0:45315:aaliyah barrows;150000:289179:johnson berge;299999:52290:zula zulauf-osinski","http://127.0.0.1:41740"
"2026-06-25T18:49:28.411Z","v8/sorting-fns","v8",1,"sorting","text","desc","operation",30000,52.599999994039536,30000,"0:24419:zula stracke;15000:20189:johanna schowalter;29999:24217:aaliyah boyer","http://127.0.0.1:41740"
"2026-06-25T18:49:28.488Z","v8/sorting-fns","v8",2,"sorting","text","desc","operation",30000,56.1000000089407,30000,"0:24419:zula stracke;15000:20189:johanna schowalter;29999:24217:aaliyah boyer","http://127.0.0.1:41740"
"2026-06-25T18:49:28.568Z","v8/sorting-fns","v8",3,"sorting","text","desc","operation",30000,60.900000005960464,30000,"0:24419:zula stracke;15000:20189:johanna schowalter;29999:24217:aaliyah boyer","http://127.0.0.1:41740"
"2026-06-25T18:49:29.935Z","v8/sorting-fns","v8",1,"sorting","text","desc","operation",300000,989.3000000119209,300000,"0:52290:zula zulauf-osinski;150000:16175:johnson beier;299999:200065:aaliyah barrows","http://127.0.0.1:41740"
"2026-06-25T18:49:31.109Z","v8/sorting-fns","v8",2,"sorting","text","desc","operation",300000,965.4000000059605,300000,"0:52290:zula zulauf-osinski;150000:16175:johnson beier;299999:200065:aaliyah barrows","http://127.0.0.1:41740"
"2026-06-25T18:49:32.576Z","v8/sorting-fns","v8",3,"sorting","text","desc","operation",300000,969.7000000029802,300000,"0:52290:zula zulauf-osinski;150000:16175:johnson beier;299999:200065:aaliyah barrows","http://127.0.0.1:41740"
"2026-06-25T18:49:32.646Z","v8/sorting-fns","v8",1,"sorting","textCaseSensitive","asc","operation",30000,49.5,30000,"0:24217:Aaliyah Boyer;15000:14500:aaliyah Cronin;29999:7680:zula Murphy","http://127.0.0.1:41740"
"2026-06-25T18:49:32.717Z","v8/sorting-fns","v8",2,"sorting","textCaseSensitive","asc","operation",30000,47.599999994039536,30000,"0:24217:Aaliyah Boyer;15000:14500:aaliyah Cronin;29999:7680:zula Murphy","http://127.0.0.1:41740"
"2026-06-25T18:49:32.789Z","v8/sorting-fns","v8",3,"sorting","textCaseSensitive","asc","operation",30000,51.29999999701977,30000,"0:24217:Aaliyah Boyer;15000:14500:aaliyah Cronin;29999:7680:zula Murphy","http://127.0.0.1:41740"
"2026-06-25T18:49:33.902Z","v8/sorting-fns","v8",1,"sorting","textCaseSensitive","asc","operation",300000,895.5,300000,"0:45315:Aaliyah Barrows;150000:209364:aaliyah Barton;299999:52290:zula Zulauf-Osinski","http://127.0.0.1:41740"
"2026-06-25T18:49:35.195Z","v8/sorting-fns","v8",2,"sorting","textCaseSensitive","asc","operation",300000,897.2999999970198,300000,"0:45315:Aaliyah Barrows;150000:209364:aaliyah Barton;299999:52290:zula Zulauf-Osinski","http://127.0.0.1:41740"
"2026-06-25T18:49:36.296Z","v8/sorting-fns","v8",3,"sorting","textCaseSensitive","asc","operation",300000,892.0999999940395,300000,"0:45315:Aaliyah Barrows;150000:209364:aaliyah Barton;299999:52290:zula Zulauf-Osinski","http://127.0.0.1:41740"
"2026-06-25T18:49:36.364Z","v8/sorting-fns","v8",1,"sorting","textCaseSensitive","desc","operation",30000,47.599999994039536,30000,"0:7680:zula Murphy;15000:24419:Zula Stracke;29999:24217:Aaliyah Boyer","http://127.0.0.1:41740"
"2026-06-25T18:49:36.433Z","v8/sorting-fns","v8",2,"sorting","textCaseSensitive","desc","operation",30000,48.20000000298023,30000,"0:7680:zula Murphy;15000:24419:Zula Stracke;29999:24217:Aaliyah Boyer","http://127.0.0.1:41740"
"2026-06-25T18:49:36.539Z","v8/sorting-fns","v8",3,"sorting","textCaseSensitive","desc","operation",30000,61.79999999701977,30000,"0:7680:zula Murphy;15000:24419:Zula Stracke;29999:24217:Aaliyah Boyer","http://127.0.0.1:41740"
"2026-06-25T18:49:37.900Z","v8/sorting-fns","v8",1,"sorting","textCaseSensitive","desc","operation",300000,905.5999999940395,300000,"0:52290:zula Zulauf-Osinski;150000:200873:Zula Wilderman;299999:200065:Aaliyah Barrows","http://127.0.0.1:41740"
"2026-06-25T18:49:39.025Z","v8/sorting-fns","v8",2,"sorting","textCaseSensitive","desc","operation",300000,898.5,300000,"0:52290:zula Zulauf-Osinski;150000:200873:Zula Wilderman;299999:200065:Aaliyah Barrows","http://127.0.0.1:41740"
"2026-06-25T18:49:40.383Z","v8/sorting-fns","v8",3,"sorting","textCaseSensitive","desc","operation",300000,895.3999999910593,300000,"0:52290:zula Zulauf-Osinski;150000:200873:Zula Wilderman;299999:200065:Aaliyah Barrows","http://127.0.0.1:41740"
"2026-06-25T18:49:40.460Z","v8/sorting-fns","v8",1,"sorting","datetime","asc","operation",30000,53.599999994039536,30000,"0:1:2020-01-01T00:00:00.000Z;15000:29894:2023-06-18T00:00:00.000Z;29999:29960:2026-12-28T00:00:00.000Z","http://127.0.0.1:41740"
"2026-06-25T18:49:40.533Z","v8/sorting-fns","v8",2,"sorting","datetime","asc","operation",30000,53.79999999701977,30000,"0:1:2020-01-01T00:00:00.000Z;15000:29894:2023-06-18T00:00:00.000Z;29999:29960:2026-12-28T00:00:00.000Z","http://127.0.0.1:41740"
"2026-06-25T18:49:40.608Z","v8/sorting-fns","v8",3,"sorting","datetime","asc","operation",30000,55.599999994039536,30000,"0:1:2020-01-01T00:00:00.000Z;15000:29894:2023-06-18T00:00:00.000Z;29999:29960:2026-12-28T00:00:00.000Z","http://127.0.0.1:41740"
"2026-06-25T18:49:41.357Z","v8/sorting-fns","v8",1,"sorting","datetime","asc","operation",300000,535.7000000029802,300000,"0:1:2020-01-01T00:00:00.000Z;150000:299870:2023-06-18T00:00:00.000Z;299999:299936:2026-12-28T00:00:00.000Z","http://127.0.0.1:41740"
"2026-06-25T18:49:42.195Z","v8/sorting-fns","v8",2,"sorting","datetime","asc","operation",300000,531.7999999970198,300000,"0:1:2020-01-01T00:00:00.000Z;150000:299870:2023-06-18T00:00:00.000Z;299999:299936:2026-12-28T00:00:00.000Z","http://127.0.0.1:41740"
"2026-06-25T18:49:42.937Z","v8/sorting-fns","v8",3,"sorting","datetime","asc","operation",300000,533.5999999940395,300000,"0:1:2020-01-01T00:00:00.000Z;150000:299870:2023-06-18T00:00:00.000Z;299999:299936:2026-12-28T00:00:00.000Z","http://127.0.0.1:41740"
"2026-06-25T18:49:43.007Z","v8/sorting-fns","v8",1,"sorting","datetime","desc","operation",30000,52,30000,"0:56:2026-12-28T00:00:00.000Z;15000:242:2023-06-18T00:00:00.000Z;29999:29989:2020-01-01T00:00:00.000Z","http://127.0.0.1:41740"
"2026-06-25T18:49:43.104Z","v8/sorting-fns","v8",2,"sorting","datetime","desc","operation",30000,75.20000000298023,30000,"0:56:2026-12-28T00:00:00.000Z;15000:242:2023-06-18T00:00:00.000Z;29999:29989:2020-01-01T00:00:00.000Z","http://127.0.0.1:41740"
"2026-06-25T18:49:43.180Z","v8/sorting-fns","v8",3,"sorting","datetime","desc","operation",30000,52.6000000089407,30000,"0:56:2026-12-28T00:00:00.000Z;15000:242:2023-06-18T00:00:00.000Z;29999:29989:2020-01-01T00:00:00.000Z","http://127.0.0.1:41740"
"2026-06-25T18:49:44.033Z","v8/sorting-fns","v8",1,"sorting","datetime","desc","operation",300000,492.29999999701977,300000,"0:56:2026-12-28T00:00:00.000Z;150000:242:2023-06-18T00:00:00.000Z;299999:299965:2020-01-01T00:00:00.000Z","http://127.0.0.1:41740"
"2026-06-25T18:49:44.760Z","v8/sorting-fns","v8",2,"sorting","datetime","desc","operation",300000,493,300000,"0:56:2026-12-28T00:00:00.000Z;150000:242:2023-06-18T00:00:00.000Z;299999:299965:2020-01-01T00:00:00.000Z","http://127.0.0.1:41740"
"2026-06-25T18:49:45.763Z","v8/sorting-fns","v8",3,"sorting","datetime","desc","operation",300000,504.70000000298023,300000,"0:56:2026-12-28T00:00:00.000Z;150000:242:2023-06-18T00:00:00.000Z;299999:299965:2020-01-01T00:00:00.000Z","http://127.0.0.1:41740"
"2026-06-25T18:49:45.824Z","v8/sorting-fns","v8",1,"sorting","basic","asc","operation",30000,41.099999994039536,30000,"0:1:0;15000:26248:49993.7;29999:29285:99996.4","http://127.0.0.1:41740"
"2026-06-25T18:49:45.894Z","v8/sorting-fns","v8",2,"sorting","basic","asc","operation",30000,47.70000000298023,30000,"0:1:0;15000:26248:49993.7;29999:29285:99996.4","http://127.0.0.1:41740"
"2026-06-25T18:49:45.967Z","v8/sorting-fns","v8",3,"sorting","basic","asc","operation",30000,48.79999999701977,30000,"0:1:0;15000:26248:49993.7;29999:29285:99996.4","http://127.0.0.1:41740"
"2026-06-25T18:49:46.915Z","v8/sorting-fns","v8",1,"sorting","basic","asc","operation",300000,731.1000000089407,300000,"0:1:0;150000:50001:50000;299999:282322:99999.1","http://127.0.0.1:41740"
"2026-06-25T18:49:48.027Z","v8/sorting-fns","v8",2,"sorting","basic","asc","operation",300000,723.5,300000,"0:1:0;150000:50001:50000;299999:282322:99999.1","http://127.0.0.1:41740"
"2026-06-25T18:49:48.960Z","v8/sorting-fns","v8",3,"sorting","basic","asc","operation",300000,716.8000000119209,300000,"0:1:0;150000:50001:50000;299999:282322:99999.1","http://127.0.0.1:41740"
"2026-06-25T18:49:49.067Z","v8/sorting-fns","v8",1,"sorting","basic","desc","operation",30000,61.19999998807907,30000,"0:29285:99996.4;15000:8569:49992.8;29999:1:0","http://127.0.0.1:41740"
"2026-06-25T18:49:49.142Z","v8/sorting-fns","v8",2,"sorting","basic","desc","operation",30000,50.599999994039536,30000,"0:29285:99996.4;15000:8569:49992.8;29999:1:0","http://127.0.0.1:41740"
"2026-06-25T18:49:49.206Z","v8/sorting-fns","v8",3,"sorting","basic","desc","operation",30000,43.20000000298023,30000,"0:29285:99996.4;15000:8569:49992.8;29999:1:0","http://127.0.0.1:41740"
"2026-06-25T18:49:50.285Z","v8/sorting-fns","v8",1,"sorting","basic","desc","operation",300000,784,300000,"0:82322:99999.1;150000:32322:49999.1;299999:200001:0","http://127.0.0.1:41740"
"2026-06-25T18:49:51.318Z","v8/sorting-fns","v8",2,"sorting","basic","desc","operation",300000,775.7000000029802,300000,"0:82322:99999.1;150000:32322:49999.1;299999:200001:0","http://127.0.0.1:41740"
"2026-06-25T18:49:52.597Z","v8/sorting-fns","v8",3,"sorting","basic","desc","operation",300000,765.9000000059605,300000,"0:82322:99999.1;150000:32322:49999.1;299999:200001:0","http://127.0.0.1:41740"
"2026-06-25T18:49:53.816Z","v9/sorting-fns","v9",1,"sorting","alphanumeric","asc","operation",30000,79.6000000089407,30000,"0:29608:abacus-270415;15000:8109:knight-291949;29999:859:zen-299224","http://127.0.0.1:41741"
"2026-06-25T18:49:53.897Z","v9/sorting-fns","v9",2,"sorting","alphanumeric","asc","operation",30000,75.19999998807907,30000,"0:29608:abacus-270415;15000:8109:knight-291949;29999:859:zen-299224","http://127.0.0.1:41741"
"2026-06-25T18:49:53.978Z","v9/sorting-fns","v9",3,"sorting","alphanumeric","asc","operation",30000,76.20000000298023,30000,"0:29608:abacus-270415;15000:8109:knight-291949;29999:859:zen-299224","http://127.0.0.1:41741"
"2026-06-25T18:49:54.877Z","v9/sorting-fns","v9",1,"sorting","alphanumeric","asc","operation",300000,829.0999999940395,300000,"0:299876:abacus-173;150000:91518:knight-208529;299999:859:zen-299224","http://127.0.0.1:41741"
"2026-06-25T18:49:55.951Z","v9/sorting-fns","v9",2,"sorting","alphanumeric","asc","operation",300000,979.5999999940395,300000,"0:299876:abacus-173;150000:91518:knight-208529;299999:859:zen-299224","http://127.0.0.1:41741"
"2026-06-25T18:49:56.963Z","v9/sorting-fns","v9",3,"sorting","alphanumeric","asc","operation",300000,938,300000,"0:299876:abacus-173;150000:91518:knight-208529;299999:859:zen-299224","http://127.0.0.1:41741"
"2026-06-25T18:49:57.055Z","v9/sorting-fns","v9",1,"sorting","alphanumeric","desc","operation",30000,85.20000000298023,30000,"0:859:zen-299224;15000:9357:knight-290688;29999:29608:abacus-270415","http://127.0.0.1:41741"
"2026-06-25T18:49:57.146Z","v9/sorting-fns","v9",2,"sorting","alphanumeric","desc","operation",30000,84.8999999910593,30000,"0:859:zen-299224;15000:9357:knight-290688;29999:29608:abacus-270415","http://127.0.0.1:41741"
"2026-06-25T18:49:57.237Z","v9/sorting-fns","v9",3,"sorting","alphanumeric","desc","operation",30000,85.19999998807907,30000,"0:859:zen-299224;15000:9357:knight-290688;29999:29608:abacus-270415","http://127.0.0.1:41741"
"2026-06-25T18:49:58.261Z","v9/sorting-fns","v9",1,"sorting","alphanumeric","desc","operation",300000,947.4000000059605,300000,"0:859:zen-299224;150000:93229:knight-206783;299999:299876:abacus-173","http://127.0.0.1:41741"
"2026-06-25T18:49:59.283Z","v9/sorting-fns","v9",2,"sorting","alphanumeric","desc","operation",300000,944.5,300000,"0:859:zen-299224;150000:93229:knight-206783;299999:299876:abacus-173","http://127.0.0.1:41741"
"2026-06-25T18:50:00.323Z","v9/sorting-fns","v9",3,"sorting","alphanumeric","desc","operation",300000,965.1999999880791,300000,"0:859:zen-299224;150000:93229:knight-206783;299999:299876:abacus-173","http://127.0.0.1:41741"
"2026-06-25T18:50:00.417Z","v9/sorting-fns","v9",1,"sorting","alphanumericCaseSensitive","asc","operation",30000,87.59999999403954,30000,"0:24577:Item-CD-275459;15000:28780:item-CD-271288;29999:1388:item-zen-298642","http://127.0.0.1:41741"
"2026-06-25T18:50:00.511Z","v9/sorting-fns","v9",2,"sorting","alphanumericCaseSensitive","asc","operation",30000,88.5,30000,"0:24577:Item-CD-275459;15000:28780:item-CD-271288;29999:1388:item-zen-298642","http://127.0.0.1:41741"
"2026-06-25T18:50:00.604Z","v9/sorting-fns","v9",3,"sorting","alphanumericCaseSensitive","asc","operation",30000,87.1000000089407,30000,"0:24577:Item-CD-275459;15000:28780:item-CD-271288;29999:1388:item-zen-298642","http://127.0.0.1:41741"
"2026-06-25T18:50:01.707Z","v9/sorting-fns","v9",1,"sorting","alphanumericCaseSensitive","asc","operation",300000,1027.199999988079,300000,"0:291407:Item-CD-8612;150000:297852:item-CD-2210;299999:1388:item-zen-298642","http://127.0.0.1:41741"
"2026-06-25T18:50:02.979Z","v9/sorting-fns","v9",2,"sorting","alphanumericCaseSensitive","asc","operation",300000,1074.0999999940395,300000,"0:291407:Item-CD-8612;150000:297852:item-CD-2210;299999:1388:item-zen-298642","http://127.0.0.1:41741"
"2026-06-25T18:50:04.159Z","v9/sorting-fns","v9",3,"sorting","alphanumericCaseSensitive","asc","operation",300000,1096.5,300000,"0:291407:Item-CD-8612;150000:297852:item-CD-2210;299999:1388:item-zen-298642","http://127.0.0.1:41741"
"2026-06-25T18:50:04.251Z","v9/sorting-fns","v9",1,"sorting","alphanumericCaseSensitive","desc","operation",30000,86,30000,"0:1388:item-zen-298642;15000:859:Item-zen-299224;29999:24577:Item-CD-275459","http://127.0.0.1:41741"
"2026-06-25T18:50:04.346Z","v9/sorting-fns","v9",2,"sorting","alphanumericCaseSensitive","desc","operation",30000,88.79999999701977,30000,"0:1388:item-zen-298642;15000:859:Item-zen-299224;29999:24577:Item-CD-275459","http://127.0.0.1:41741"
"2026-06-25T18:50:04.440Z","v9/sorting-fns","v9",3,"sorting","alphanumericCaseSensitive","desc","operation",30000,88.09999999403954,30000,"0:1388:item-zen-298642;15000:859:Item-zen-299224;29999:24577:Item-CD-275459","http://127.0.0.1:41741"
"2026-06-25T18:50:05.567Z","v9/sorting-fns","v9",1,"sorting","alphanumericCaseSensitive","desc","operation",300000,1052.1000000089407,300000,"0:1388:item-zen-298642;150000:859:Item-zen-299224;299999:291407:Item-CD-8612","http://127.0.0.1:41741"
"2026-06-25T18:50:06.697Z","v9/sorting-fns","v9",2,"sorting","alphanumericCaseSensitive","desc","operation",300000,1053.699999988079,300000,"0:1388:item-zen-298642;150000:859:Item-zen-299224;299999:291407:Item-CD-8612","http://127.0.0.1:41741"
"2026-06-25T18:50:07.822Z","v9/sorting-fns","v9",3,"sorting","alphanumericCaseSensitive","desc","operation",300000,1048,300000,"0:1388:item-zen-298642;150000:859:Item-zen-299224;299999:291407:Item-CD-8612","http://127.0.0.1:41741"
"2026-06-25T18:50:07.869Z","v9/sorting-fns","v9",1,"sorting","text","asc","operation",30000,41.5,30000,"0:24217:aaliyah boyer;15000:22841:johanna skiles;29999:24419:zula stracke","http://127.0.0.1:41741"
"2026-06-25T18:50:07.916Z","v9/sorting-fns","v9",2,"sorting","text","asc","operation",30000,40.19999998807907,30000,"0:24217:aaliyah boyer;15000:22841:johanna skiles;29999:24419:zula stracke","http://127.0.0.1:41741"
"2026-06-25T18:50:07.963Z","v9/sorting-fns","v9",3,"sorting","text","asc","operation",30000,41.5,30000,"0:24217:aaliyah boyer;15000:22841:johanna skiles;29999:24419:zula stracke","http://127.0.0.1:41741"
"2026-06-25T18:50:08.876Z","v9/sorting-fns","v9",1,"sorting","text","asc","operation",300000,836.5999999940395,300000,"0:45315:aaliyah barrows;150000:289179:johnson berge;299999:52290:zula zulauf-osinski","http://127.0.0.1:41741"
"2026-06-25T18:50:09.856Z","v9/sorting-fns","v9",2,"sorting","text","asc","operation",300000,903.5,300000,"0:45315:aaliyah barrows;150000:289179:johnson berge;299999:52290:zula zulauf-osinski","http://127.0.0.1:41741"
"2026-06-25T18:50:10.853Z","v9/sorting-fns","v9",3,"sorting","text","asc","operation",300000,920.9000000059605,300000,"0:45315:aaliyah barrows;150000:289179:johnson berge;299999:52290:zula zulauf-osinski","http://127.0.0.1:41741"
"2026-06-25T18:50:10.906Z","v9/sorting-fns","v9",1,"sorting","text","desc","operation",30000,45.099999994039536,30000,"0:24419:zula stracke;15000:20189:johanna schowalter;29999:24217:aaliyah boyer","http://127.0.0.1:41741"
"2026-06-25T18:50:10.960Z","v9/sorting-fns","v9",2,"sorting","text","desc","operation",30000,47.5,30000,"0:24419:zula stracke;15000:20189:johanna schowalter;29999:24217:aaliyah boyer","http://127.0.0.1:41741"
"2026-06-25T18:50:11.014Z","v9/sorting-fns","v9",3,"sorting","text","desc","operation",30000,47.69999998807907,30000,"0:24419:zula stracke;15000:20189:johanna schowalter;29999:24217:aaliyah boyer","http://127.0.0.1:41741"
"2026-06-25T18:50:12.003Z","v9/sorting-fns","v9",1,"sorting","text","desc","operation",300000,908.7000000029802,300000,"0:52290:zula zulauf-osinski;150000:16175:johnson beier;299999:200065:aaliyah barrows","http://127.0.0.1:41741"
"2026-06-25T18:50:13.007Z","v9/sorting-fns","v9",2,"sorting","text","desc","operation",300000,925.9000000059605,300000,"0:52290:zula zulauf-osinski;150000:16175:johnson beier;299999:200065:aaliyah barrows","http://127.0.0.1:41741"
"2026-06-25T18:50:13.992Z","v9/sorting-fns","v9",3,"sorting","text","desc","operation",300000,905.5999999940395,300000,"0:52290:zula zulauf-osinski;150000:16175:johnson beier;299999:200065:aaliyah barrows","http://127.0.0.1:41741"
"2026-06-25T18:50:14.030Z","v9/sorting-fns","v9",1,"sorting","textCaseSensitive","asc","operation",30000,32.20000000298023,30000,"0:24217:Aaliyah Boyer;15000:14500:aaliyah Cronin;29999:7680:zula Murphy","http://127.0.0.1:41741"
"2026-06-25T18:50:14.070Z","v9/sorting-fns","v9",2,"sorting","textCaseSensitive","asc","operation",30000,32.1000000089407,30000,"0:24217:Aaliyah Boyer;15000:14500:aaliyah Cronin;29999:7680:zula Murphy","http://127.0.0.1:41741"
"2026-06-25T18:50:14.112Z","v9/sorting-fns","v9",3,"sorting","textCaseSensitive","asc","operation",30000,32,30000,"0:24217:Aaliyah Boyer;15000:14500:aaliyah Cronin;29999:7680:zula Murphy","http://127.0.0.1:41741"
"2026-06-25T18:50:14.912Z","v9/sorting-fns","v9",1,"sorting","textCaseSensitive","asc","operation",300000,720.2999999970198,300000,"0:45315:Aaliyah Barrows;150000:209364:aaliyah Barton;299999:52290:zula Zulauf-Osinski","http://127.0.0.1:41741"
"2026-06-25T18:50:16.089Z","v9/sorting-fns","v9",2,"sorting","textCaseSensitive","asc","operation",300000,802.0999999940395,300000,"0:45315:Aaliyah Barrows;150000:209364:aaliyah Barton;299999:52290:zula Zulauf-Osinski","http://127.0.0.1:41741"
"2026-06-25T18:50:17.073Z","v9/sorting-fns","v9",3,"sorting","textCaseSensitive","asc","operation",300000,888.9000000059605,300000,"0:45315:Aaliyah Barrows;150000:209364:aaliyah Barton;299999:52290:zula Zulauf-Osinski","http://127.0.0.1:41741"
"2026-06-25T18:50:17.121Z","v9/sorting-fns","v9",1,"sorting","textCaseSensitive","desc","operation",30000,38.70000000298023,30000,"0:7680:zula Murphy;15000:24419:Zula Stracke;29999:24217:Aaliyah Boyer","http://127.0.0.1:41741"
"2026-06-25T18:50:17.164Z","v9/sorting-fns","v9",2,"sorting","textCaseSensitive","desc","operation",30000,37.3999999910593,30000,"0:7680:zula Murphy;15000:24419:Zula Stracke;29999:24217:Aaliyah Boyer","http://127.0.0.1:41741"
"2026-06-25T18:50:17.211Z","v9/sorting-fns","v9",3,"sorting","textCaseSensitive","desc","operation",30000,37.6000000089407,30000,"0:7680:zula Murphy;15000:24419:Zula Stracke;29999:24217:Aaliyah Boyer","http://127.0.0.1:41741"
"2026-06-25T18:50:18.084Z","v9/sorting-fns","v9",1,"sorting","textCaseSensitive","desc","operation",300000,796.5999999940395,300000,"0:52290:zula Zulauf-Osinski;150000:200873:Zula Wilderman;299999:200065:Aaliyah Barrows","http://127.0.0.1:41741"
"2026-06-25T18:50:18.926Z","v9/sorting-fns","v9",2,"sorting","textCaseSensitive","desc","operation",300000,762.7000000029802,300000,"0:52290:zula Zulauf-Osinski;150000:200873:Zula Wilderman;299999:200065:Aaliyah Barrows","http://127.0.0.1:41741"
"2026-06-25T18:50:19.765Z","v9/sorting-fns","v9",3,"sorting","textCaseSensitive","desc","operation",300000,761.1999999880791,300000,"0:52290:zula Zulauf-Osinski;150000:200873:Zula Wilderman;299999:200065:Aaliyah Barrows","http://127.0.0.1:41741"
"2026-06-25T18:50:19.822Z","v9/sorting-fns","v9",1,"sorting","datetime","asc","operation",30000,45.70000000298023,30000,"0:1:2020-01-01T00:00:00.000Z;15000:29894:2023-06-18T00:00:00.000Z;29999:29960:2026-12-28T00:00:00.000Z","http://127.0.0.1:41741"
"2026-06-25T18:50:19.879Z","v9/sorting-fns","v9",2,"sorting","datetime","asc","operation",30000,48.3999999910593,30000,"0:1:2020-01-01T00:00:00.000Z;15000:29894:2023-06-18T00:00:00.000Z;29999:29960:2026-12-28T00:00:00.000Z","http://127.0.0.1:41741"
"2026-06-25T18:50:19.934Z","v9/sorting-fns","v9",3,"sorting","datetime","asc","operation",30000,49.599999994039536,30000,"0:1:2020-01-01T00:00:00.000Z;15000:29894:2023-06-18T00:00:00.000Z;29999:29960:2026-12-28T00:00:00.000Z","http://127.0.0.1:41741"
"2026-06-25T18:50:20.488Z","v9/sorting-fns","v9",1,"sorting","datetime","asc","operation",300000,471.90000000596046,300000,"0:1:2020-01-01T00:00:00.000Z;150000:299870:2023-06-18T00:00:00.000Z;299999:299936:2026-12-28T00:00:00.000Z","http://127.0.0.1:41741"
"2026-06-25T18:50:21.072Z","v9/sorting-fns","v9",2,"sorting","datetime","asc","operation",300000,507,300000,"0:1:2020-01-01T00:00:00.000Z;150000:299870:2023-06-18T00:00:00.000Z;299999:299936:2026-12-28T00:00:00.000Z","http://127.0.0.1:41741"
"2026-06-25T18:50:21.654Z","v9/sorting-fns","v9",3,"sorting","datetime","asc","operation",300000,504.29999999701977,300000,"0:1:2020-01-01T00:00:00.000Z;150000:299870:2023-06-18T00:00:00.000Z;299999:299936:2026-12-28T00:00:00.000Z","http://127.0.0.1:41741"
"2026-06-25T18:50:21.705Z","v9/sorting-fns","v9",1,"sorting","datetime","desc","operation",30000,45.599999994039536,30000,"0:56:2026-12-28T00:00:00.000Z;15000:242:2023-06-18T00:00:00.000Z;29999:29989:2020-01-01T00:00:00.000Z","http://127.0.0.1:41741"
"2026-06-25T18:50:21.758Z","v9/sorting-fns","v9",2,"sorting","datetime","desc","operation",30000,47.3999999910593,30000,"0:56:2026-12-28T00:00:00.000Z;15000:242:2023-06-18T00:00:00.000Z;29999:29989:2020-01-01T00:00:00.000Z","http://127.0.0.1:41741"
"2026-06-25T18:50:21.808Z","v9/sorting-fns","v9",3,"sorting","datetime","desc","operation",30000,44.400000005960464,30000,"0:56:2026-12-28T00:00:00.000Z;15000:242:2023-06-18T00:00:00.000Z;29999:29989:2020-01-01T00:00:00.000Z","http://127.0.0.1:41741"
"2026-06-25T18:50:22.355Z","v9/sorting-fns","v9",1,"sorting","datetime","desc","operation",300000,462.79999999701977,300000,"0:56:2026-12-28T00:00:00.000Z;150000:242:2023-06-18T00:00:00.000Z;299999:299965:2020-01-01T00:00:00.000Z","http://127.0.0.1:41741"
"2026-06-25T18:50:22.898Z","v9/sorting-fns","v9",2,"sorting","datetime","desc","operation",300000,462.1000000089407,300000,"0:56:2026-12-28T00:00:00.000Z;150000:242:2023-06-18T00:00:00.000Z;299999:299965:2020-01-01T00:00:00.000Z","http://127.0.0.1:41741"
"2026-06-25T18:50:23.444Z","v9/sorting-fns","v9",3,"sorting","datetime","desc","operation",300000,462.59999999403954,300000,"0:56:2026-12-28T00:00:00.000Z;150000:242:2023-06-18T00:00:00.000Z;299999:299965:2020-01-01T00:00:00.000Z","http://127.0.0.1:41741"
"2026-06-25T18:50:23.476Z","v9/sorting-fns","v9",1,"sorting","basic","asc","operation",30000,26.100000008940697,30000,"0:1:0;15000:26248:49993.7;29999:29285:99996.4","http://127.0.0.1:41741"
"2026-06-25T18:50:23.512Z","v9/sorting-fns","v9",2,"sorting","basic","asc","operation",30000,30.099999994039536,30000,"0:1:0;15000:26248:49993.7;29999:29285:99996.4","http://127.0.0.1:41741"
"2026-06-25T18:50:23.547Z","v9/sorting-fns","v9",3,"sorting","basic","asc","operation",30000,29.200000002980232,30000,"0:1:0;15000:26248:49993.7;29999:29285:99996.4","http://127.0.0.1:41741"
"2026-06-25T18:50:24.162Z","v9/sorting-fns","v9",1,"sorting","basic","asc","operation",300000,534,300000,"0:1:0;150000:50001:50000;299999:282322:99999.1","http://127.0.0.1:41741"
"2026-06-25T18:50:24.852Z","v9/sorting-fns","v9",2,"sorting","basic","asc","operation",300000,607.3999999910593,300000,"0:1:0;150000:50001:50000;299999:282322:99999.1","http://127.0.0.1:41741"
"2026-06-25T18:50:25.581Z","v9/sorting-fns","v9",3,"sorting","basic","asc","operation",300000,648.6999999880791,300000,"0:1:0;150000:50001:50000;299999:282322:99999.1","http://127.0.0.1:41741"
"2026-06-25T18:50:25.620Z","v9/sorting-fns","v9",1,"sorting","basic","desc","operation",30000,33.20000000298023,30000,"0:29285:99996.4;15000:8569:49992.8;29999:1:0","http://127.0.0.1:41741"
"2026-06-25T18:50:25.663Z","v9/sorting-fns","v9",2,"sorting","basic","desc","operation",30000,37.29999999701977,30000,"0:29285:99996.4;15000:8569:49992.8;29999:1:0","http://127.0.0.1:41741"
"2026-06-25T18:50:25.702Z","v9/sorting-fns","v9",3,"sorting","basic","desc","operation",30000,32.8999999910593,30000,"0:29285:99996.4;15000:8569:49992.8;29999:1:0","http://127.0.0.1:41741"
"2026-06-25T18:50:26.418Z","v9/sorting-fns","v9",1,"sorting","basic","desc","operation",300000,631.5,300000,"0:82322:99999.1;150000:32322:49999.1;299999:200001:0","http://127.0.0.1:41741"
"2026-06-25T18:50:27.137Z","v9/sorting-fns","v9",2,"sorting","basic","desc","operation",300000,627.2999999970198,300000,"0:82322:99999.1;150000:32322:49999.1;299999:200001:0","http://127.0.0.1:41741"
"2026-06-25T18:50:27.871Z","v9/sorting-fns","v9",3,"sorting","basic","desc","operation",300000,642.2999999970198,300000,"0:82322:99999.1;150000:32322:49999.1;299999:200001:0","http://127.0.0.1:41741"
"2026-06-25T18:50:29.052Z","v8/filtering-fns","v8",1,"filtering","includesString","","operation",30000,9.800000011920929,152,"0:175:ada kemmer;76:13910:adaline marvin;151:29966:madaline powlowski","http://127.0.0.1:41742"
"2026-06-25T18:50:29.083Z","v8/filtering-fns","v8",2,"filtering","includesString","","operation",30000,7.4000000059604645,152,"0:175:ada kemmer;76:13910:adaline marvin;151:29966:madaline powlowski","http://127.0.0.1:41742"
"2026-06-25T18:50:29.114Z","v8/filtering-fns","v8",3,"filtering","includesString","","operation",30000,8.800000011920929,152,"0:175:ada kemmer;76:13910:adaline marvin;151:29966:madaline powlowski","http://127.0.0.1:41742"
"2026-06-25T18:50:29.422Z","v8/filtering-fns","v8",1,"filtering","includesString","","operation",300000,69.20000000298023,1673,"0:175:ada kemmer;836:147749:mindy adams;1672:299903:iva adams","http://127.0.0.1:41742"
"2026-06-25T18:50:29.725Z","v8/filtering-fns","v8",2,"filtering","includesString","","operation",300000,67.80000001192093,1673,"0:175:ada kemmer;836:147749:mindy adams;1672:299903:iva adams","http://127.0.0.1:41742"
"2026-06-25T18:50:30.108Z","v8/filtering-fns","v8",3,"filtering","includesString","","operation",300000,94.6000000089407,1673,"0:175:ada kemmer;836:147749:mindy adams;1672:299903:iva adams","http://127.0.0.1:41742"
"2026-06-25T18:50:30.147Z","v8/filtering-fns","v8",1,"filtering","includesStringSensitive","","operation",30000,8.299999997019768,81,"0:175:Ada Kemmer;40:14351:Adam Schaefer-Morissette;80:29905:Adam Jacobs","http://127.0.0.1:41742"
"2026-06-25T18:50:30.177Z","v8/filtering-fns","v8",2,"filtering","includesStringSensitive","","operation",30000,9.700000002980232,81,"0:175:Ada Kemmer;40:14351:Adam Schaefer-Morissette;80:29905:Adam Jacobs","http://127.0.0.1:41742"
"2026-06-25T18:50:30.206Z","v8/filtering-fns","v8",3,"filtering","includesStringSensitive","","operation",30000,6.700000002980232,81,"0:175:Ada Kemmer;40:14351:Adam Schaefer-Morissette;80:29905:Adam Jacobs","http://127.0.0.1:41742"
"2026-06-25T18:50:30.521Z","v8/filtering-fns","v8",1,"filtering","includesStringSensitive","","operation",300000,76.70000000298023,959,"0:175:Ada Kemmer;479:147749:Mindy Adams;958:299903:Iva Adams","http://127.0.0.1:41742"
"2026-06-25T18:50:30.847Z","v8/filtering-fns","v8",2,"filtering","includesStringSensitive","","operation",300000,76.80000001192093,959,"0:175:Ada Kemmer;479:147749:Mindy Adams;958:299903:Iva Adams","http://127.0.0.1:41742"
"2026-06-25T18:50:31.298Z","v8/filtering-fns","v8",3,"filtering","includesStringSensitive","","operation",300000,76.8999999910593,959,"0:175:Ada Kemmer;479:147749:Mindy Adams;958:299903:Iva Adams","http://127.0.0.1:41742"
"2026-06-25T18:50:31.327Z","v8/filtering-fns","v8",1,"filtering","equalsString","","operation",30000,7.9000000059604645,10000,"0:1:single;5000:15001:single;9999:29998:single","http://127.0.0.1:41742"
"2026-06-25T18:50:31.357Z","v8/filtering-fns","v8",2,"filtering","equalsString","","operation",30000,10.599999994039536,10000,"0:1:single;5000:15001:single;9999:29998:single","http://127.0.0.1:41742"
"2026-06-25T18:50:31.386Z","v8/filtering-fns","v8",3,"filtering","equalsString","","operation",30000,7.799999997019768,10000,"0:1:single;5000:15001:single;9999:29998:single","http://127.0.0.1:41742"
"2026-06-25T18:50:31.682Z","v8/filtering-fns","v8",1,"filtering","equalsString","","operation",300000,81.70000000298023,100000,"0:1:single;50000:150001:single;99999:299998:single","http://127.0.0.1:41742"
"2026-06-25T18:50:57.664Z","v8/filtering-fns","v8",2,"filtering","equalsString","","operation",300000,141.19999998807907,100000,"0:1:single;50000:150001:single;99999:299998:single","http://127.0.0.1:41742"
"2026-06-25T18:50:58.220Z","v8/filtering-fns","v8",3,"filtering","equalsString","","operation",300000,87.40000000596046,100000,"0:1:single;50000:150001:single;99999:299998:single","http://127.0.0.1:41742"
"2026-06-25T18:50:58.249Z","v8/filtering-fns","v8",1,"filtering","arrIncludes","","operation",30000,10.5,18000,"0:2:[tag-1|tag-2|tag-3];9000:15002:[tag-1|tag-2|tag-3];17999:29999:[tag-0|tag-3|tag-4]","http://127.0.0.1:41742"
"2026-06-25T18:50:58.280Z","v8/filtering-fns","v8",2,"filtering","arrIncludes","","operation",30000,8.100000008940697,18000,"0:2:[tag-1|tag-2|tag-3];9000:15002:[tag-1|tag-2|tag-3];17999:29999:[tag-0|tag-3|tag-4]","http://127.0.0.1:41742"
"2026-06-25T18:50:58.311Z","v8/filtering-fns","v8",3,"filtering","arrIncludes","","operation",30000,11,18000,"0:2:[tag-1|tag-2|tag-3];9000:15002:[tag-1|tag-2|tag-3];17999:29999:[tag-0|tag-3|tag-4]","http://127.0.0.1:41742"
"2026-06-25T18:50:58.611Z","v8/filtering-fns","v8",1,"filtering","arrIncludes","","operation",300000,82.70000000298023,180000,"0:2:[tag-1|tag-2|tag-3];90000:150002:[tag-1|tag-2|tag-3];179999:299999:[tag-0|tag-3|tag-4]","http://127.0.0.1:41742"
"2026-06-25T18:50:58.924Z","v8/filtering-fns","v8",2,"filtering","arrIncludes","","operation",300000,82.59999999403954,180000,"0:2:[tag-1|tag-2|tag-3];90000:150002:[tag-1|tag-2|tag-3];179999:299999:[tag-0|tag-3|tag-4]","http://127.0.0.1:41742"
"2026-06-25T18:50:59.355Z","v8/filtering-fns","v8",3,"filtering","arrIncludes","","operation",300000,82.20000000298023,180000,"0:2:[tag-1|tag-2|tag-3];90000:150002:[tag-1|tag-2|tag-3];179999:299999:[tag-0|tag-3|tag-4]","http://127.0.0.1:41742"
"2026-06-25T18:50:59.384Z","v8/filtering-fns","v8",1,"filtering","arrIncludesAll","","operation",30000,7.5,12000,"0:1:[tag-0|tag-1|tag-2];6000:15001:[tag-0|tag-1|tag-2];11999:29997:[tag-1|tag-2|tag-3]","http://127.0.0.1:41742"
"2026-06-25T18:50:59.414Z","v8/filtering-fns","v8",2,"filtering","arrIncludesAll","","operation",30000,10.400000005960464,12000,"0:1:[tag-0|tag-1|tag-2];6000:15001:[tag-0|tag-1|tag-2];11999:29997:[tag-1|tag-2|tag-3]","http://127.0.0.1:41742"
"2026-06-25T18:50:59.443Z","v8/filtering-fns","v8",3,"filtering","arrIncludesAll","","operation",30000,7.799999997019768,12000,"0:1:[tag-0|tag-1|tag-2];6000:15001:[tag-0|tag-1|tag-2];11999:29997:[tag-1|tag-2|tag-3]","http://127.0.0.1:41742"
"2026-06-25T18:50:59.739Z","v8/filtering-fns","v8",1,"filtering","arrIncludesAll","","operation",300000,81.09999999403954,120000,"0:1:[tag-0|tag-1|tag-2];60000:150001:[tag-0|tag-1|tag-2];119999:299997:[tag-1|tag-2|tag-3]","http://127.0.0.1:41742"
"2026-06-25T18:51:00.048Z","v8/filtering-fns","v8",2,"filtering","arrIncludesAll","","operation",300000,84.29999999701977,120000,"0:1:[tag-0|tag-1|tag-2];60000:150001:[tag-0|tag-1|tag-2];119999:299997:[tag-1|tag-2|tag-3]","http://127.0.0.1:41742"
"2026-06-25T18:51:00.586Z","v8/filtering-fns","v8",3,"filtering","arrIncludesAll","","operation",300000,82.8999999910593,120000,"0:1:[tag-0|tag-1|tag-2];60000:150001:[tag-0|tag-1|tag-2];119999:299997:[tag-1|tag-2|tag-3]","http://127.0.0.1:41742"
"2026-06-25T18:51:00.616Z","v8/filtering-fns","v8",1,"filtering","arrIncludesSome","","operation",30000,10.900000005960464,24000,"0:1:[tag-0|tag-1|tag-2];12000:15001:[tag-0|tag-1|tag-2];23999:30000:[tag-1|tag-4|tag-5]","http://127.0.0.1:41742"
"2026-06-25T18:51:00.645Z","v8/filtering-fns","v8",2,"filtering","arrIncludesSome","","operation",30000,8,24000,"0:1:[tag-0|tag-1|tag-2];12000:15001:[tag-0|tag-1|tag-2];23999:30000:[tag-1|tag-4|tag-5]","http://127.0.0.1:41742"
"2026-06-25T18:51:00.676Z","v8/filtering-fns","v8",3,"filtering","arrIncludesSome","","operation",30000,10.900000005960464,24000,"0:1:[tag-0|tag-1|tag-2];12000:15001:[tag-0|tag-1|tag-2];23999:30000:[tag-1|tag-4|tag-5]","http://127.0.0.1:41742"
"2026-06-25T18:51:00.975Z","v8/filtering-fns","v8",1,"filtering","arrIncludesSome","","operation",300000,85.3999999910593,240000,"0:1:[tag-0|tag-1|tag-2];120000:150001:[tag-0|tag-1|tag-2];239999:300000:[tag-1|tag-4|tag-5]","http://127.0.0.1:41742"
"2026-06-25T18:51:01.469Z","v8/filtering-fns","v8",2,"filtering","arrIncludesSome","","operation",300000,82.59999999403954,240000,"0:1:[tag-0|tag-1|tag-2];120000:150001:[tag-0|tag-1|tag-2];239999:300000:[tag-1|tag-4|tag-5]","http://127.0.0.1:41742"
"2026-06-25T18:51:01.761Z","v8/filtering-fns","v8",3,"filtering","arrIncludesSome","","operation",300000,81.8999999910593,240000,"0:1:[tag-0|tag-1|tag-2];120000:150001:[tag-0|tag-1|tag-2];239999:300000:[tag-1|tag-4|tag-5]","http://127.0.0.1:41742"
"2026-06-25T18:51:01.790Z","v8/filtering-fns","v8",1,"filtering","equals","","operation",30000,6.799999997019768,30,"0:43:42;15:15043:42;29:29043:42","http://127.0.0.1:41742"
"2026-06-25T18:51:01.820Z","v8/filtering-fns","v8",2,"filtering","equals","","operation",30000,9.200000002980232,30,"0:43:42;15:15043:42;29:29043:42","http://127.0.0.1:41742"
"2026-06-25T18:51:01.848Z","v8/filtering-fns","v8",3,"filtering","equals","","operation",30000,6.700000002980232,30,"0:43:42;15:15043:42;29:29043:42","http://127.0.0.1:41742"
"2026-06-25T18:51:02.249Z","v8/filtering-fns","v8",1,"filtering","equals","","operation",300000,73.09999999403954,300,"0:43:42;150:150043:42;299:299043:42","http://127.0.0.1:41742"
"2026-06-25T18:51:02.829Z","v8/filtering-fns","v8",2,"filtering","equals","","operation",300000,75.09999999403954,300,"0:43:42;150:150043:42;299:299043:42","http://127.0.0.1:41742"
"2026-06-25T18:51:03.110Z","v8/filtering-fns","v8",3,"filtering","equals","","operation",300000,72,300,"0:43:42;150:150043:42;299:299043:42","http://127.0.0.1:41742"
"2026-06-25T18:51:03.139Z","v8/filtering-fns","v8",1,"filtering","weakEquals","","operation",30000,9.5,30,"0:43:42;15:15043:42;29:29043:42","http://127.0.0.1:41742"
"2026-06-25T18:51:03.167Z","v8/filtering-fns","v8",2,"filtering","weakEquals","","operation",30000,6.5,30,"0:43:42;15:15043:42;29:29043:42","http://127.0.0.1:41742"
"2026-06-25T18:51:03.198Z","v8/filtering-fns","v8",3,"filtering","weakEquals","","operation",30000,9.600000008940697,30,"0:43:42;15:15043:42;29:29043:42","http://127.0.0.1:41742"
"2026-06-25T18:51:03.762Z","v8/filtering-fns","v8",1,"filtering","weakEquals","","operation",300000,73.79999999701977,300,"0:43:42;150:150043:42;299:299043:42","http://127.0.0.1:41742"
"2026-06-25T18:51:04.044Z","v8/filtering-fns","v8",2,"filtering","weakEquals","","operation",300000,73.1000000089407,300,"0:43:42;150:150043:42;299:299043:42","http://127.0.0.1:41742"
"2026-06-25T18:51:04.502Z","v8/filtering-fns","v8",3,"filtering","weakEquals","","operation",300000,74.29999999701977,300,"0:43:42;150:150043:42;299:299043:42","http://127.0.0.1:41742"
"2026-06-25T18:51:04.531Z","v8/filtering-fns","v8",1,"filtering","inNumberRange","","operation",30000,7.100000008940697,5700,"0:2:7919.1;2850:14992:13729.1;5699:29994:14567.3","http://127.0.0.1:41742"
"2026-06-25T18:51:04.561Z","v8/filtering-fns","v8",2,"filtering","inNumberRange","","operation",30000,9.900000005960464,5700,"0:2:7919.1;2850:14992:13729.1;5699:29994:14567.3","http://127.0.0.1:41742"
"2026-06-25T18:51:04.591Z","v8/filtering-fns","v8",3,"filtering","inNumberRange","","operation",30000,7.600000008940697,5700,"0:2:7919.1;2850:14992:13729.1;5699:29994:14567.3","http://127.0.0.1:41742"
"2026-06-25T18:51:04.892Z","v8/filtering-fns","v8",1,"filtering","inNumberRange","","operation",300000,85.20000000298023,57003,"0:2:7919.1;28501:149997:18324.6;57002:299990:12891.9","http://127.0.0.1:41742"
"2026-06-25T18:51:05.465Z","v8/filtering-fns","v8",2,"filtering","inNumberRange","","operation",300000,86.19999998807907,57003,"0:2:7919.1;28501:149997:18324.6;57002:299990:12891.9","http://127.0.0.1:41742"
"2026-06-25T18:51:05.771Z","v8/filtering-fns","v8",3,"filtering","inNumberRange","","operation",300000,86.8999999910593,57003,"0:2:7919.1;28501:149997:18324.6;57002:299990:12891.9","http://127.0.0.1:41742"
"2026-06-25T18:51:06.923Z","v9/filtering-fns","v9",1,"filtering","includesString","","operation",30000,12.100000008940697,152,"0:175:ada kemmer;76:13910:adaline marvin;151:29966:madaline powlowski","http://127.0.0.1:41743"
"2026-06-25T18:51:06.934Z","v9/filtering-fns","v9",2,"filtering","includesString","","operation",30000,5.600000008940697,152,"0:175:ada kemmer;76:13910:adaline marvin;151:29966:madaline powlowski","http://127.0.0.1:41743"
"2026-06-25T18:51:06.948Z","v9/filtering-fns","v9",3,"filtering","includesString","","operation",30000,7.5,152,"0:175:ada kemmer;76:13910:adaline marvin;151:29966:madaline powlowski","http://127.0.0.1:41743"
"2026-06-25T18:51:07.093Z","v9/filtering-fns","v9",1,"filtering","includesString","","operation",300000,66.5,1673,"0:175:ada kemmer;836:147749:mindy adams;1672:299903:iva adams","http://127.0.0.1:41743"
"2026-06-25T18:51:07.285Z","v9/filtering-fns","v9",2,"filtering","includesString","","operation",300000,86.6000000089407,1673,"0:175:ada kemmer;836:147749:mindy adams;1672:299903:iva adams","http://127.0.0.1:41743"
"2026-06-25T18:51:07.436Z","v9/filtering-fns","v9",3,"filtering","includesString","","operation",300000,56.79999999701977,1673,"0:175:ada kemmer;836:147749:mindy adams;1672:299903:iva adams","http://127.0.0.1:41743"
"2026-06-25T18:51:07.449Z","v9/filtering-fns","v9",1,"filtering","includesStringSensitive","","operation",30000,5.100000008940697,81,"0:175:Ada Kemmer;40:14351:Adam Schaefer-Morissette;80:29905:Adam Jacobs","http://127.0.0.1:41743"
"2026-06-25T18:51:07.464Z","v9/filtering-fns","v9",2,"filtering","includesStringSensitive","","operation",30000,6.200000002980232,81,"0:175:Ada Kemmer;40:14351:Adam Schaefer-Morissette;80:29905:Adam Jacobs","http://127.0.0.1:41743"
"2026-06-25T18:51:07.477Z","v9/filtering-fns","v9",3,"filtering","includesStringSensitive","","operation",30000,3.7000000029802322,81,"0:175:Ada Kemmer;40:14351:Adam Schaefer-Morissette;80:29905:Adam Jacobs","http://127.0.0.1:41743"
"2026-06-25T18:51:07.621Z","v9/filtering-fns","v9",1,"filtering","includesStringSensitive","","operation",300000,52.1000000089407,959,"0:175:Ada Kemmer;479:147749:Mindy Adams;958:299903:Iva Adams","http://127.0.0.1:41743"
"2026-06-25T18:51:07.766Z","v9/filtering-fns","v9",2,"filtering","includesStringSensitive","","operation",300000,53.79999999701977,959,"0:175:Ada Kemmer;479:147749:Mindy Adams;958:299903:Iva Adams","http://127.0.0.1:41743"
"2026-06-25T18:51:07.911Z","v9/filtering-fns","v9",3,"filtering","includesStringSensitive","","operation",300000,55.099999994039536,959,"0:175:Ada Kemmer;479:147749:Mindy Adams;958:299903:Iva Adams","http://127.0.0.1:41743"
"2026-06-25T18:51:07.925Z","v9/filtering-fns","v9",1,"filtering","equalsString","","operation",30000,7,10000,"0:1:single;5000:15001:single;9999:29998:single","http://127.0.0.1:41743"
"2026-06-25T18:51:07.938Z","v9/filtering-fns","v9",2,"filtering","equalsString","","operation",30000,4.9000000059604645,10000,"0:1:single;5000:15001:single;9999:29998:single","http://127.0.0.1:41743"
"2026-06-25T18:51:07.953Z","v9/filtering-fns","v9",3,"filtering","equalsString","","operation",30000,6.4000000059604645,10000,"0:1:single;5000:15001:single;9999:29998:single","http://127.0.0.1:41743"
"2026-06-25T18:51:08.100Z","v9/filtering-fns","v9",1,"filtering","equalsString","","operation",300000,55.20000000298023,100000,"0:1:single;50000:150001:single;99999:299998:single","http://127.0.0.1:41743"
"2026-06-25T18:51:08.341Z","v9/filtering-fns","v9",2,"filtering","equalsString","","operation",300000,143,100000,"0:1:single;50000:150001:single;99999:299998:single","http://127.0.0.1:41743"
"2026-06-25T18:51:08.525Z","v9/filtering-fns","v9",3,"filtering","equalsString","","operation",300000,80.79999999701977,100000,"0:1:single;50000:150001:single;99999:299998:single","http://127.0.0.1:41743"
"2026-06-25T18:51:08.538Z","v9/filtering-fns","v9",1,"filtering","arrIncludes","","operation",30000,4,18000,"0:2:[tag-1|tag-2|tag-3];9000:15002:[tag-1|tag-2|tag-3];17999:29999:[tag-0|tag-3|tag-4]","http://127.0.0.1:41743"
"2026-06-25T18:51:08.552Z","v9/filtering-fns","v9",2,"filtering","arrIncludes","","operation",30000,6.399999991059303,18000,"0:2:[tag-1|tag-2|tag-3];9000:15002:[tag-1|tag-2|tag-3];17999:29999:[tag-0|tag-3|tag-4]","http://127.0.0.1:41743"
"2026-06-25T18:51:08.565Z","v9/filtering-fns","v9",3,"filtering","arrIncludes","","operation",30000,4,18000,"0:2:[tag-1|tag-2|tag-3];9000:15002:[tag-1|tag-2|tag-3];17999:29999:[tag-0|tag-3|tag-4]","http://127.0.0.1:41743"
"2026-06-25T18:51:08.708Z","v9/filtering-fns","v9",1,"filtering","arrIncludes","","operation",300000,53.19999998807907,180000,"0:2:[tag-1|tag-2|tag-3];90000:150002:[tag-1|tag-2|tag-3];179999:299999:[tag-0|tag-3|tag-4]","http://127.0.0.1:41743"
"2026-06-25T18:51:08.855Z","v9/filtering-fns","v9",2,"filtering","arrIncludes","","operation",300000,56.29999999701977,180000,"0:2:[tag-1|tag-2|tag-3];90000:150002:[tag-1|tag-2|tag-3];179999:299999:[tag-0|tag-3|tag-4]","http://127.0.0.1:41743"
"2026-06-25T18:51:09.002Z","v9/filtering-fns","v9",3,"filtering","arrIncludes","","operation",300000,53.70000000298023,180000,"0:2:[tag-1|tag-2|tag-3];90000:150002:[tag-1|tag-2|tag-3];179999:299999:[tag-0|tag-3|tag-4]","http://127.0.0.1:41743"
"2026-06-25T18:51:09.016Z","v9/filtering-fns","v9",1,"filtering","arrIncludesAll","","operation",30000,4.200000002980232,12000,"0:1:[tag-0|tag-1|tag-2];6000:15001:[tag-0|tag-1|tag-2];11999:29997:[tag-1|tag-2|tag-3]","http://127.0.0.1:41743"
"2026-06-25T18:51:09.030Z","v9/filtering-fns","v9",2,"filtering","arrIncludesAll","","operation",30000,6.5,12000,"0:1:[tag-0|tag-1|tag-2];6000:15001:[tag-0|tag-1|tag-2];11999:29997:[tag-1|tag-2|tag-3]","http://127.0.0.1:41743"
"2026-06-25T18:51:09.044Z","v9/filtering-fns","v9",3,"filtering","arrIncludesAll","","operation",30000,6.800000011920929,12000,"0:1:[tag-0|tag-1|tag-2];6000:15001:[tag-0|tag-1|tag-2];11999:29997:[tag-1|tag-2|tag-3]","http://127.0.0.1:41743"
"2026-06-25T18:51:09.191Z","v9/filtering-fns","v9",1,"filtering","arrIncludesAll","","operation",300000,49.900000005960464,120000,"0:1:[tag-0|tag-1|tag-2];60000:150001:[tag-0|tag-1|tag-2];119999:299997:[tag-1|tag-2|tag-3]","http://127.0.0.1:41743"
"2026-06-25T18:51:09.347Z","v9/filtering-fns","v9",2,"filtering","arrIncludesAll","","operation",300000,56.69999998807907,120000,"0:1:[tag-0|tag-1|tag-2];60000:150001:[tag-0|tag-1|tag-2];119999:299997:[tag-1|tag-2|tag-3]","http://127.0.0.1:41743"
"2026-06-25T18:51:09.500Z","v9/filtering-fns","v9",3,"filtering","arrIncludesAll","","operation",300000,55.20000000298023,120000,"0:1:[tag-0|tag-1|tag-2];60000:150001:[tag-0|tag-1|tag-2];119999:299997:[tag-1|tag-2|tag-3]","http://127.0.0.1:41743"
"2026-06-25T18:51:09.517Z","v9/filtering-fns","v9",1,"filtering","arrIncludesSome","","operation",30000,8,24000,"0:1:[tag-0|tag-1|tag-2];12000:15001:[tag-0|tag-1|tag-2];23999:30000:[tag-1|tag-4|tag-5]","http://127.0.0.1:41743"
"2026-06-25T18:51:09.531Z","v9/filtering-fns","v9",2,"filtering","arrIncludesSome","","operation",30000,4.4000000059604645,24000,"0:1:[tag-0|tag-1|tag-2];12000:15001:[tag-0|tag-1|tag-2];23999:30000:[tag-1|tag-4|tag-5]","http://127.0.0.1:41743"
"2026-06-25T18:51:09.547Z","v9/filtering-fns","v9",3,"filtering","arrIncludesSome","","operation",30000,7.4000000059604645,24000,"0:1:[tag-0|tag-1|tag-2];12000:15001:[tag-0|tag-1|tag-2];23999:30000:[tag-1|tag-4|tag-5]","http://127.0.0.1:41743"
"2026-06-25T18:51:09.704Z","v9/filtering-fns","v9",1,"filtering","arrIncludesSome","","operation",300000,60.5,240000,"0:1:[tag-0|tag-1|tag-2];120000:150001:[tag-0|tag-1|tag-2];239999:300000:[tag-1|tag-4|tag-5]","http://127.0.0.1:41743"
"2026-06-25T18:51:09.862Z","v9/filtering-fns","v9",2,"filtering","arrIncludesSome","","operation",300000,61.70000000298023,240000,"0:1:[tag-0|tag-1|tag-2];120000:150001:[tag-0|tag-1|tag-2];239999:300000:[tag-1|tag-4|tag-5]","http://127.0.0.1:41743"
"2026-06-25T18:51:10.026Z","v9/filtering-fns","v9",3,"filtering","arrIncludesSome","","operation",300000,65.1000000089407,240000,"0:1:[tag-0|tag-1|tag-2];120000:150001:[tag-0|tag-1|tag-2];239999:300000:[tag-1|tag-4|tag-5]","http://127.0.0.1:41743"
"2026-06-25T18:51:10.041Z","v9/filtering-fns","v9",1,"filtering","equals","","operation",30000,4,30,"0:43:42;15:15043:42;29:29043:42","http://127.0.0.1:41743"
"2026-06-25T18:51:10.056Z","v9/filtering-fns","v9",2,"filtering","equals","","operation",30000,6.700000002980232,30,"0:43:42;15:15043:42;29:29043:42","http://127.0.0.1:41743"
"2026-06-25T18:51:10.069Z","v9/filtering-fns","v9",3,"filtering","equals","","operation",30000,6.5,30,"0:43:42;15:15043:42;29:29043:42","http://127.0.0.1:41743"
"2026-06-25T18:51:10.217Z","v9/filtering-fns","v9",1,"filtering","equals","","operation",300000,45,300,"0:43:42;150:150043:42;299:299043:42","http://127.0.0.1:41743"
"2026-06-25T18:51:10.615Z","v9/filtering-fns","v9",2,"filtering","equals","","operation",300000,299.5,300,"0:43:42;150:150043:42;299:299043:42","http://127.0.0.1:41743"
"2026-06-25T18:51:10.783Z","v9/filtering-fns","v9",3,"filtering","equals","","operation",300000,66.70000000298023,300,"0:43:42;150:150043:42;299:299043:42","http://127.0.0.1:41743"
"2026-06-25T18:51:10.796Z","v9/filtering-fns","v9",1,"filtering","weakEquals","","operation",30000,6.299999997019768,30,"0:43:42;15:15043:42;29:29043:42","http://127.0.0.1:41743"
"2026-06-25T18:51:10.809Z","v9/filtering-fns","v9",2,"filtering","weakEquals","","operation",30000,3.5,30,"0:43:42;15:15043:42;29:29043:42","http://127.0.0.1:41743"
"2026-06-25T18:51:10.825Z","v9/filtering-fns","v9",3,"filtering","weakEquals","","operation",30000,6.799999997019768,30,"0:43:42;15:15043:42;29:29043:42","http://127.0.0.1:41743"
"2026-06-25T18:51:10.962Z","v9/filtering-fns","v9",1,"filtering","weakEquals","","operation",300000,42.29999999701977,300,"0:43:42;150:150043:42;299:299043:42","http://127.0.0.1:41743"
"2026-06-25T18:51:11.105Z","v9/filtering-fns","v9",2,"filtering","weakEquals","","operation",300000,43.79999999701977,300,"0:43:42;150:150043:42;299:299043:42","http://127.0.0.1:41743"
"2026-06-25T18:51:11.250Z","v9/filtering-fns","v9",3,"filtering","weakEquals","","operation",300000,45,300,"0:43:42;150:150043:42;299:299043:42","http://127.0.0.1:41743"
"2026-06-25T18:51:11.277Z","v9/filtering-fns","v9",1,"filtering","inNumberRange","","operation",30000,19.100000008940697,5700,"0:2:7919.1;2850:14992:13729.1;5699:29994:14567.3","http://127.0.0.1:41743"
"2026-06-25T18:51:11.290Z","v9/filtering-fns","v9",2,"filtering","inNumberRange","","operation",30000,3.4000000059604645,5700,"0:2:7919.1;2850:14992:13729.1;5699:29994:14567.3","http://127.0.0.1:41743"
"2026-06-25T18:51:11.305Z","v9/filtering-fns","v9",3,"filtering","inNumberRange","","operation",30000,6.699999988079071,5700,"0:2:7919.1;2850:14992:13729.1;5699:29994:14567.3","http://127.0.0.1:41743"
"2026-06-25T18:51:11.453Z","v9/filtering-fns","v9",1,"filtering","inNumberRange","","operation",300000,53.6000000089407,57003,"0:2:7919.1;28501:149997:18324.6;57002:299990:12891.9","http://127.0.0.1:41743"
"2026-06-25T18:51:11.608Z","v9/filtering-fns","v9",2,"filtering","inNumberRange","","operation",300000,52.30000001192093,57003,"0:2:7919.1;28501:149997:18324.6;57002:299990:12891.9","http://127.0.0.1:41743"
"2026-06-25T18:51:11.766Z","v9/filtering-fns","v9",3,"filtering","inNumberRange","","operation",300000,56.3999999910593,57003,"0:2:7919.1;28501:149997:18324.6;57002:299990:12891.9","http://127.0.0.1:41743"
"2026-06-25T18:51:11.781Z","v9/filtering-fns","v9",1,"filtering","arrHas","","operation",30000,8.600000008940697,20000,"0:1:single;10000:15001:single;19999:29999:relationship","http://127.0.0.1:41743"
"2026-06-25T18:51:11.795Z","v9/filtering-fns","v9",2,"filtering","arrHas","","operation",30000,4.299999997019768,20000,"0:1:single;10000:15001:single;19999:29999:relationship","http://127.0.0.1:41743"
"2026-06-25T18:51:11.811Z","v9/filtering-fns","v9",3,"filtering","arrHas","","operation",30000,7.5,20000,"0:1:single;10000:15001:single;19999:29999:relationship","http://127.0.0.1:41743"
"2026-06-25T18:51:11.968Z","v9/filtering-fns","v9",1,"filtering","arrHas","","operation",300000,60.599999994039536,200000,"0:1:single;100000:150001:single;199999:299999:relationship","http://127.0.0.1:41743"
"2026-06-25T18:51:12.327Z","v9/filtering-fns","v9",2,"filtering","arrHas","","operation",300000,255.3999999910593,200000,"0:1:single;100000:150001:single;199999:299999:relationship","http://127.0.0.1:41743"
"2026-06-25T18:51:12.507Z","v9/filtering-fns","v9",3,"filtering","arrHas","","operation",300000,74.1000000089407,200000,"0:1:single;100000:150001:single;199999:299999:relationship","http://127.0.0.1:41743"
"2026-06-25T18:51:12.524Z","v9/filtering-fns","v9",1,"filtering","between","","operation",30000,7.899999991059303,7500,"0:5:31676.4;3750:14996:45405.5;7499:29998:46243.7","http://127.0.0.1:41743"
"2026-06-25T18:51:12.539Z","v9/filtering-fns","v9",2,"filtering","between","","operation",30000,8.599999994039536,7500,"0:5:31676.4;3750:14996:45405.5;7499:29998:46243.7","http://127.0.0.1:41743"
"2026-06-25T18:51:12.557Z","v9/filtering-fns","v9",3,"filtering","between","","operation",30000,8.399999991059303,7500,"0:5:31676.4;3750:14996:45405.5;7499:29998:46243.7","http://127.0.0.1:41743"
"2026-06-25T18:51:12.715Z","v9/filtering-fns","v9",1,"filtering","between","","operation",300000,60.099999994039536,74997,"0:5:31676.4;37498:149998:26243.7;74996:299994:44567.3","http://127.0.0.1:41743"
"2026-06-25T18:51:12.874Z","v9/filtering-fns","v9",2,"filtering","between","","operation",300000,58.1000000089407,74997,"0:5:31676.4;37498:149998:26243.7;74996:299994:44567.3","http://127.0.0.1:41743"
"2026-06-25T18:51:13.031Z","v9/filtering-fns","v9",3,"filtering","between","","operation",300000,58.599999994039536,74997,"0:5:31676.4;37498:149998:26243.7;74996:299994:44567.3","http://127.0.0.1:41743"
"2026-06-25T18:51:13.046Z","v9/filtering-fns","v9",1,"filtering","betweenInclusive","","operation",30000,4.5,7500,"0:5:31676.4;3750:14996:45405.5;7499:29998:46243.7","http://127.0.0.1:41743"
"2026-06-25T18:51:13.061Z","v9/filtering-fns","v9",2,"filtering","betweenInclusive","","operation",30000,7,7500,"0:5:31676.4;3750:14996:45405.5;7499:29998:46243.7","http://127.0.0.1:41743"
"2026-06-25T18:51:13.075Z","v9/filtering-fns","v9",3,"filtering","betweenInclusive","","operation",30000,7.200000002980232,7500,"0:5:31676.4;3750:14996:45405.5;7499:29998:46243.7","http://127.0.0.1:41743"
"2026-06-25T18:51:13.230Z","v9/filtering-fns","v9",1,"filtering","betweenInclusive","","operation",300000,56.099999994039536,75003,"0:5:31676.4;37501:149999:34162.8;75002:299994:44567.3","http://127.0.0.1:41743"
"2026-06-25T18:51:13.391Z","v9/filtering-fns","v9",2,"filtering","betweenInclusive","","operation",300000,59.599999994039536,75003,"0:5:31676.4;37501:149999:34162.8;75002:299994:44567.3","http://127.0.0.1:41743"
"2026-06-25T18:51:13.816Z","v9/filtering-fns","v9",3,"filtering","betweenInclusive","","operation",300000,76.5,75003,"0:5:31676.4;37501:149999:34162.8;75002:299994:44567.3","http://127.0.0.1:41743"
"2026-06-25T18:51:15.006Z","v8/aggregation-fns","v8",1,"aggregation","sum","","operation",30000,25,20,"0:group:group-0:74715000:1500;10:group:group-10:75300000:1500;19:group:group-19:74807850:1500","http://127.0.0.1:41744"
"2026-06-25T18:51:15.056Z","v8/aggregation-fns","v8",2,"aggregation","sum","","operation",30000,27.399999991059303,20,"0:group:group-0:74715000:1500;10:group:group-10:75300000:1500;19:group:group-19:74807850:1500","http://127.0.0.1:41744"
"2026-06-25T18:51:15.112Z","v8/aggregation-fns","v8",3,"aggregation","sum","","operation",30000,35.29999999701977,20,"0:group:group-0:74715000:1500;10:group:group-10:75300000:1500;19:group:group-19:74807850:1500","http://127.0.0.1:41744"
"2026-06-25T18:51:15.707Z","v8/aggregation-fns","v8",1,"aggregation","sum","","operation",300000,335.5,20,"0:group:group-0:749850000:15000;10:group:group-10:750000000:15000;19:group:group-19:749878499.9998:15000","http://127.0.0.1:41744"
"2026-06-25T18:51:16.533Z","v8/aggregation-fns","v8",2,"aggregation","sum","","operation",300000,320.20000000298023,20,"0:group:group-0:749850000:15000;10:group:group-10:750000000:15000;19:group:group-19:749878499.9998:15000","http://127.0.0.1:41744"
"2026-06-25T18:51:17.082Z","v8/aggregation-fns","v8",3,"aggregation","sum","","operation",300000,315.20000000298023,20,"0:group:group-0:749850000:15000;10:group:group-10:750000000:15000;19:group:group-19:749878499.9998:15000","http://127.0.0.1:41744"
"2026-06-25T18:51:17.143Z","v8/aggregation-fns","v8",1,"aggregation","min","","operation",30000,26.100000008940697,20,"0:group:group-0:0:1500;10:group:group-10:170:1500;19:group:group-19:1.9:1500","http://127.0.0.1:41744"
"2026-06-25T18:51:17.193Z","v8/aggregation-fns","v8",2,"aggregation","min","","operation",30000,24.299999997019768,20,"0:group:group-0:0:1500;10:group:group-10:170:1500;19:group:group-19:1.9:1500","http://127.0.0.1:41744"
"2026-06-25T18:51:17.240Z","v8/aggregation-fns","v8",3,"aggregation","min","","operation",30000,24.80000001192093,20,"0:group:group-0:0:1500;10:group:group-10:170:1500;19:group:group-19:1.9:1500","http://127.0.0.1:41744"
"2026-06-25T18:51:17.815Z","v8/aggregation-fns","v8",1,"aggregation","min","","operation",300000,326.29999999701977,20,"0:group:group-0:0:15000;10:group:group-10:10:15000;19:group:group-19:1.9:15000","http://127.0.0.1:41744"
"2026-06-25T18:51:18.576Z","v8/aggregation-fns","v8",2,"aggregation","min","","operation",300000,326.79999999701977,20,"0:group:group-0:0:15000;10:group:group-10:10:15000;19:group:group-19:1.9:15000","http://127.0.0.1:41744"
"2026-06-25T18:51:19.121Z","v8/aggregation-fns","v8",3,"aggregation","min","","operation",300000,326.8999999910593,20,"0:group:group-0:0:15000;10:group:group-10:10:15000;19:group:group-19:1.9:15000","http://127.0.0.1:41744"
"2026-06-25T18:51:19.175Z","v8/aggregation-fns","v8",1,"aggregation","max","","operation",30000,26.299999997019768,20,"0:group:group-0:99860:1500;10:group:group-10:99990:1500;19:group:group-19:99961.9:1500","http://127.0.0.1:41744"
"2026-06-25T18:51:19.222Z","v8/aggregation-fns","v8",2,"aggregation","max","","operation",30000,25.599999994039536,20,"0:group:group-0:99860:1500;10:group:group-10:99990:1500;19:group:group-19:99961.9:1500","http://127.0.0.1:41744"
"2026-06-25T18:51:19.271Z","v8/aggregation-fns","v8",3,"aggregation","max","","operation",30000,25.900000005960464,20,"0:group:group-0:99860:1500;10:group:group-10:99990:1500;19:group:group-19:99961.9:1500","http://127.0.0.1:41744"
"2026-06-25T18:51:19.824Z","v8/aggregation-fns","v8",1,"aggregation","max","","operation",300000,330,20,"0:group:group-0:99980:15000;10:group:group-10:99990:15000;19:group:group-19:99981.9:15000","http://127.0.0.1:41744"
"2026-06-25T18:51:20.612Z","v8/aggregation-fns","v8",2,"aggregation","max","","operation",300000,328.59999999403954,20,"0:group:group-0:99980:15000;10:group:group-10:99990:15000;19:group:group-19:99981.9:15000","http://127.0.0.1:41744"
"2026-06-25T18:51:21.150Z","v8/aggregation-fns","v8",3,"aggregation","max","","operation",300000,322.80000001192093,20,"0:group:group-0:99980:15000;10:group:group-10:99990:15000;19:group:group-19:99981.9:15000","http://127.0.0.1:41744"
"2026-06-25T18:51:21.207Z","v8/aggregation-fns","v8",1,"aggregation","extent","","operation",30000,25.700000002980232,20,"0:group:group-0:[0|99860]:1500;10:group:group-10:[170|99990]:1500;19:group:group-19:[1.9|99961.9]:1500","http://127.0.0.1:41744"
"2026-06-25T18:51:21.255Z","v8/aggregation-fns","v8",2,"aggregation","extent","","operation",30000,26.299999997019768,20,"0:group:group-0:[0|99860]:1500;10:group:group-10:[170|99990]:1500;19:group:group-19:[1.9|99961.9]:1500","http://127.0.0.1:41744"
"2026-06-25T18:51:21.305Z","v8/aggregation-fns","v8",3,"aggregation","extent","","operation",30000,26.200000002980232,20,"0:group:group-0:[0|99860]:1500;10:group:group-10:[170|99990]:1500;19:group:group-19:[1.9|99961.9]:1500","http://127.0.0.1:41744"
"2026-06-25T18:51:22.092Z","v8/aggregation-fns","v8",1,"aggregation","extent","","operation",300000,316,20,"0:group:group-0:[0|99980]:15000;10:group:group-10:[10|99990]:15000;19:group:group-19:[1.9|99981.9]:15000","http://127.0.0.1:41744"
"2026-06-25T18:51:22.621Z","v8/aggregation-fns","v8",2,"aggregation","extent","","operation",300000,312.70000000298023,20,"0:group:group-0:[0|99980]:15000;10:group:group-10:[10|99990]:15000;19:group:group-19:[1.9|99981.9]:15000","http://127.0.0.1:41744"
"2026-06-25T18:51:23.325Z","v8/aggregation-fns","v8",3,"aggregation","extent","","operation",300000,329.70000000298023,20,"0:group:group-0:[0|99980]:15000;10:group:group-10:[10|99990]:15000;19:group:group-19:[1.9|99981.9]:15000","http://127.0.0.1:41744"
"2026-06-25T18:51:23.381Z","v8/aggregation-fns","v8",1,"aggregation","mean","","operation",30000,25.799999997019768,20,"0:group:group-0:49810:1500;10:group:group-10:50200:1500;19:group:group-19:49871.9:1500","http://127.0.0.1:41744"
"2026-06-25T18:51:23.427Z","v8/aggregation-fns","v8",2,"aggregation","mean","","operation",30000,24.700000002980232,20,"0:group:group-0:49810:1500;10:group:group-10:50200:1500;19:group:group-19:49871.9:1500","http://127.0.0.1:41744"
"2026-06-25T18:51:23.472Z","v8/aggregation-fns","v8",3,"aggregation","mean","","operation",30000,25.700000002980232,20,"0:group:group-0:49810:1500;10:group:group-10:50200:1500;19:group:group-19:49871.9:1500","http://127.0.0.1:41744"
"2026-06-25T18:51:24.145Z","v8/aggregation-fns","v8",1,"aggregation","mean","","operation",300000,340.90000000596046,20,"0:group:group-0:49990:15000;10:group:group-10:50000:15000;19:group:group-19:49991.9:15000","http://127.0.0.1:41744"
"2026-06-25T18:51:24.687Z","v8/aggregation-fns","v8",2,"aggregation","mean","","operation",300000,326,20,"0:group:group-0:49990:15000;10:group:group-10:50000:15000;19:group:group-19:49991.9:15000","http://127.0.0.1:41744"
"2026-06-25T18:51:25.552Z","v8/aggregation-fns","v8",3,"aggregation","mean","","operation",300000,319.79999999701977,20,"0:group:group-0:49990:15000;10:group:group-10:50000:15000;19:group:group-19:49991.9:15000","http://127.0.0.1:41744"
"2026-06-25T18:51:25.605Z","v8/aggregation-fns","v8",1,"aggregation","median","","operation",30000,27.400000005960464,20,"0:group:group-0:49950:1500;10:group:group-10:50170:1500;19:group:group-19:50001.9:1500","http://127.0.0.1:41744"
"2026-06-25T18:51:25.651Z","v8/aggregation-fns","v8",2,"aggregation","median","","operation",30000,26.099999994039536,20,"0:group:group-0:49950:1500;10:group:group-10:50170:1500;19:group:group-19:50001.9:1500","http://127.0.0.1:41744"
"2026-06-25T18:51:25.699Z","v8/aggregation-fns","v8",3,"aggregation","median","","operation",30000,27,20,"0:group:group-0:49950:1500;10:group:group-10:50170:1500;19:group:group-19:50001.9:1500","http://127.0.0.1:41744"
"2026-06-25T18:51:26.260Z","v8/aggregation-fns","v8",1,"aggregation","median","","operation",300000,347.79999999701977,20,"0:group:group-0:49990:15000;10:group:group-10:50000:15000;19:group:group-19:49991.9:15000","http://127.0.0.1:41744"
"2026-06-25T18:51:26.962Z","v8/aggregation-fns","v8",2,"aggregation","median","","operation",300000,366.5,20,"0:group:group-0:49990:15000;10:group:group-10:50000:15000;19:group:group-19:49991.9:15000","http://127.0.0.1:41744"
"2026-06-25T18:51:27.564Z","v8/aggregation-fns","v8",3,"aggregation","median","","operation",300000,362.90000000596046,20,"0:group:group-0:49990:15000;10:group:group-10:50000:15000;19:group:group-19:49991.9:15000","http://127.0.0.1:41744"
"2026-06-25T18:51:27.619Z","v8/aggregation-fns","v8",1,"aggregation","unique","","operation",30000,25.599999994039536,20,"0:group:group-0:[single|complicated|relationship]:1500;10:group:group-10:[relationship|single|complicated]:1500;19:group:group-19:[relationship|single|complicated]:1500","http://127.0.0.1:41744"
"2026-06-25T18:51:27.666Z","v8/aggregation-fns","v8",2,"aggregation","unique","","operation",30000,25.799999997019768,20,"0:group:group-0:[single|complicated|relationship]:1500;10:group:group-10:[relationship|single|complicated]:1500;19:group:group-19:[relationship|single|complicated]:1500","http://127.0.0.1:41744"
"2026-06-25T18:51:27.714Z","v8/aggregation-fns","v8",3,"aggregation","unique","","operation",30000,24.80000001192093,20,"0:group:group-0:[single|complicated|relationship]:1500;10:group:group-10:[relationship|single|complicated]:1500;19:group:group-19:[relationship|single|complicated]:1500","http://127.0.0.1:41744"
"2026-06-25T18:51:28.542Z","v8/aggregation-fns","v8",1,"aggregation","unique","","operation",300000,335.20000000298023,20,"0:group:group-0:[single|complicated|relationship]:15000;10:group:group-10:[relationship|single|complicated]:15000;19:group:group-19:[relationship|single|complicated]:15000","http://127.0.0.1:41744"
"2026-06-25T18:51:29.080Z","v8/aggregation-fns","v8",2,"aggregation","unique","","operation",300000,332.30000001192093,20,"0:group:group-0:[single|complicated|relationship]:15000;10:group:group-10:[relationship|single|complicated]:15000;19:group:group-19:[relationship|single|complicated]:15000","http://127.0.0.1:41744"
"2026-06-25T18:51:29.711Z","v8/aggregation-fns","v8",3,"aggregation","unique","","operation",300000,333.5,20,"0:group:group-0:[single|complicated|relationship]:15000;10:group:group-10:[relationship|single|complicated]:15000;19:group:group-19:[relationship|single|complicated]:15000","http://127.0.0.1:41744"
"2026-06-25T18:51:29.756Z","v8/aggregation-fns","v8",1,"aggregation","uniqueCount","","operation",30000,24.599999994039536,20,"0:group:group-0:3:1500;10:group:group-10:3:1500;19:group:group-19:3:1500","http://127.0.0.1:41744"
"2026-06-25T18:51:29.802Z","v8/aggregation-fns","v8",2,"aggregation","uniqueCount","","operation",30000,24.099999994039536,20,"0:group:group-0:3:1500;10:group:group-10:3:1500;19:group:group-19:3:1500","http://127.0.0.1:41744"
"2026-06-25T18:51:29.844Z","v8/aggregation-fns","v8",3,"aggregation","uniqueCount","","operation",30000,24.099999994039536,20,"0:group:group-0:3:1500;10:group:group-10:3:1500;19:group:group-19:3:1500","http://127.0.0.1:41744"
"2026-06-25T18:51:30.370Z","v8/aggregation-fns","v8",1,"aggregation","uniqueCount","","operation",300000,314.5,20,"0:group:group-0:3:15000;10:group:group-10:3:15000;19:group:group-19:3:15000","http://127.0.0.1:41744"
"2026-06-25T18:51:31.137Z","v8/aggregation-fns","v8",2,"aggregation","uniqueCount","","operation",300000,327.5,20,"0:group:group-0:3:15000;10:group:group-10:3:15000;19:group:group-19:3:15000","http://127.0.0.1:41744"
"2026-06-25T18:51:31.678Z","v8/aggregation-fns","v8",3,"aggregation","uniqueCount","","operation",300000,330.40000000596046,20,"0:group:group-0:3:15000;10:group:group-10:3:15000;19:group:group-19:3:15000","http://127.0.0.1:41744"
"2026-06-25T18:51:31.716Z","v8/aggregation-fns","v8",1,"aggregation","count","","operation",30000,17.200000002980232,20,"0:group:group-0:1500:1500;10:group:group-10:1500:1500;19:group:group-19:1500:1500","http://127.0.0.1:41744"
"2026-06-25T18:51:31.757Z","v8/aggregation-fns","v8",2,"aggregation","count","","operation",30000,19.30000001192093,20,"0:group:group-0:1500:1500;10:group:group-10:1500:1500;19:group:group-19:1500:1500","http://127.0.0.1:41744"
"2026-06-25T18:51:31.801Z","v8/aggregation-fns","v8",3,"aggregation","count","","operation",30000,21.69999998807907,20,"0:group:group-0:1500:1500;10:group:group-10:1500:1500;19:group:group-19:1500:1500","http://127.0.0.1:41744"
"2026-06-25T18:51:32.345Z","v8/aggregation-fns","v8",1,"aggregation","count","","operation",300000,231.79999999701977,20,"0:group:group-0:15000:15000;10:group:group-10:15000:15000;19:group:group-19:15000:15000","http://127.0.0.1:41744"
"2026-06-25T18:51:32.791Z","v8/aggregation-fns","v8",2,"aggregation","count","","operation",300000,226,20,"0:group:group-0:15000:15000;10:group:group-10:15000:15000;19:group:group-19:15000:15000","http://127.0.0.1:41744"
"2026-06-25T18:51:33.541Z","v8/aggregation-fns","v8",3,"aggregation","count","","operation",300000,251.1000000089407,20,"0:group:group-0:15000:15000;10:group:group-10:15000:15000;19:group:group-19:15000:15000","http://127.0.0.1:41744"
"2026-06-25T18:51:34.733Z","v9/aggregation-fns","v9",1,"aggregation","sum","","operation",30000,13.899999991059303,20,"0:group:group-0:74715000:1500;10:group:group-10:75300000:1500;19:group:group-19:74807850:1500","http://127.0.0.1:41745"
"2026-06-25T18:51:34.752Z","v9/aggregation-fns","v9",2,"aggregation","sum","","operation",30000,10.100000008940697,20,"0:group:group-0:74715000:1500;10:group:group-10:75300000:1500;19:group:group-19:74807850:1500","http://127.0.0.1:41745"
"2026-06-25T18:51:34.769Z","v9/aggregation-fns","v9",3,"aggregation","sum","","operation",30000,11.5,20,"0:group:group-0:74715000:1500;10:group:group-10:75300000:1500;19:group:group-19:74807850:1500","http://127.0.0.1:41745"
"2026-06-25T18:51:34.992Z","v9/aggregation-fns","v9",1,"aggregation","sum","","operation",300000,152.79999999701977,20,"0:group:group-0:749850000:15000;10:group:group-10:750000000:15000;19:group:group-19:749878499.9998:15000","http://127.0.0.1:41745"
"2026-06-25T18:51:35.342Z","v9/aggregation-fns","v9",2,"aggregation","sum","","operation",300000,212,20,"0:group:group-0:749850000:15000;10:group:group-10:750000000:15000;19:group:group-19:749878499.9998:15000","http://127.0.0.1:41745"
"2026-06-25T18:51:35.623Z","v9/aggregation-fns","v9",3,"aggregation","sum","","operation",300000,188.70000000298023,20,"0:group:group-0:749850000:15000;10:group:group-10:750000000:15000;19:group:group-19:749878499.9998:15000","http://127.0.0.1:41745"
"2026-06-25T18:51:35.641Z","v9/aggregation-fns","v9",1,"aggregation","min","","operation",30000,12,20,"0:group:group-0:0:1500;10:group:group-10:170:1500;19:group:group-19:1.9:1500","http://127.0.0.1:41745"
"2026-06-25T18:51:35.663Z","v9/aggregation-fns","v9",2,"aggregation","min","","operation",30000,15.799999997019768,20,"0:group:group-0:0:1500;10:group:group-10:170:1500;19:group:group-19:1.9:1500","http://127.0.0.1:41745"
"2026-06-25T18:51:35.681Z","v9/aggregation-fns","v9",3,"aggregation","min","","operation",30000,12,20,"0:group:group-0:0:1500;10:group:group-10:170:1500;19:group:group-19:1.9:1500","http://127.0.0.1:41745"
"2026-06-25T18:51:35.930Z","v9/aggregation-fns","v9",1,"aggregation","min","","operation",300000,164.30000001192093,20,"0:group:group-0:0:15000;10:group:group-10:10:15000;19:group:group-19:1.9:15000","http://127.0.0.1:41745"
"2026-06-25T18:51:36.184Z","v9/aggregation-fns","v9",2,"aggregation","min","","operation",300000,171.79999999701977,20,"0:group:group-0:0:15000;10:group:group-10:10:15000;19:group:group-19:1.9:15000","http://127.0.0.1:41745"
"2026-06-25T18:51:36.451Z","v9/aggregation-fns","v9",3,"aggregation","min","","operation",300000,179.20000000298023,20,"0:group:group-0:0:15000;10:group:group-10:10:15000;19:group:group-19:1.9:15000","http://127.0.0.1:41745"
"2026-06-25T18:51:36.466Z","v9/aggregation-fns","v9",1,"aggregation","max","","operation",30000,9.799999997019768,20,"0:group:group-0:99860:1500;10:group:group-10:99990:1500;19:group:group-19:99961.9:1500","http://127.0.0.1:41745"
"2026-06-25T18:51:36.487Z","v9/aggregation-fns","v9",2,"aggregation","max","","operation",30000,9.5,20,"0:group:group-0:99860:1500;10:group:group-10:99990:1500;19:group:group-19:99961.9:1500","http://127.0.0.1:41745"
"2026-06-25T18:51:36.509Z","v9/aggregation-fns","v9",3,"aggregation","max","","operation",30000,10,20,"0:group:group-0:99860:1500;10:group:group-10:99990:1500;19:group:group-19:99961.9:1500","http://127.0.0.1:41745"
"2026-06-25T18:51:36.786Z","v9/aggregation-fns","v9",1,"aggregation","max","","operation",300000,184.79999999701977,20,"0:group:group-0:99980:15000;10:group:group-10:99990:15000;19:group:group-19:99981.9:15000","http://127.0.0.1:41745"
"2026-06-25T18:51:37.049Z","v9/aggregation-fns","v9",2,"aggregation","max","","operation",300000,176.3999999910593,20,"0:group:group-0:99980:15000;10:group:group-10:99990:15000;19:group:group-19:99981.9:15000","http://127.0.0.1:41745"
"2026-06-25T18:51:37.317Z","v9/aggregation-fns","v9",3,"aggregation","max","","operation",300000,178.29999999701977,20,"0:group:group-0:99980:15000;10:group:group-10:99990:15000;19:group:group-19:99981.9:15000","http://127.0.0.1:41745"
"2026-06-25T18:51:37.332Z","v9/aggregation-fns","v9",1,"aggregation","extent","","operation",30000,8.900000005960464,20,"0:group:group-0:[0|99860]:1500;10:group:group-10:[170|99990]:1500;19:group:group-19:[1.9|99961.9]:1500","http://127.0.0.1:41745"
"2026-06-25T18:51:37.351Z","v9/aggregation-fns","v9",2,"aggregation","extent","","operation",30000,8.700000002980232,20,"0:group:group-0:[0|99860]:1500;10:group:group-10:[170|99990]:1500;19:group:group-19:[1.9|99961.9]:1500","http://127.0.0.1:41745"
"2026-06-25T18:51:37.373Z","v9/aggregation-fns","v9",3,"aggregation","extent","","operation",30000,10.799999997019768,20,"0:group:group-0:[0|99860]:1500;10:group:group-10:[170|99990]:1500;19:group:group-19:[1.9|99961.9]:1500","http://127.0.0.1:41745"
"2026-06-25T18:51:37.657Z","v9/aggregation-fns","v9",1,"aggregation","extent","","operation",300000,191.70000000298023,20,"0:group:group-0:[0|99980]:15000;10:group:group-10:[10|99990]:15000;19:group:group-19:[1.9|99981.9]:15000","http://127.0.0.1:41745"
"2026-06-25T18:51:37.935Z","v9/aggregation-fns","v9",2,"aggregation","extent","","operation",300000,186.29999999701977,20,"0:group:group-0:[0|99980]:15000;10:group:group-10:[10|99990]:15000;19:group:group-19:[1.9|99981.9]:15000","http://127.0.0.1:41745"
"2026-06-25T18:51:38.209Z","v9/aggregation-fns","v9",3,"aggregation","extent","","operation",300000,181.59999999403954,20,"0:group:group-0:[0|99980]:15000;10:group:group-10:[10|99990]:15000;19:group:group-19:[1.9|99981.9]:15000","http://127.0.0.1:41745"
"2026-06-25T18:51:38.224Z","v9/aggregation-fns","v9",1,"aggregation","mean","","operation",30000,9.299999997019768,20,"0:group:group-0:49810:1500;10:group:group-10:50200:1500;19:group:group-19:49871.9:1500","http://127.0.0.1:41745"
"2026-06-25T18:51:38.248Z","v9/aggregation-fns","v9",2,"aggregation","mean","","operation",30000,14.200000002980232,20,"0:group:group-0:49810:1500;10:group:group-10:50200:1500;19:group:group-19:49871.9:1500","http://127.0.0.1:41745"
"2026-06-25T18:51:38.264Z","v9/aggregation-fns","v9",3,"aggregation","mean","","operation",30000,9.100000008940697,20,"0:group:group-0:49810:1500;10:group:group-10:50200:1500;19:group:group-19:49871.9:1500","http://127.0.0.1:41745"
"2026-06-25T18:51:38.746Z","v9/aggregation-fns","v9",1,"aggregation","mean","","operation",300000,180.6000000089407,20,"0:group:group-0:49990:15000;10:group:group-10:50000:15000;19:group:group-19:49991.9:15000","http://127.0.0.1:41745"
"2026-06-25T18:51:39.047Z","v9/aggregation-fns","v9",2,"aggregation","mean","","operation",300000,204.29999999701977,20,"0:group:group-0:49990:15000;10:group:group-10:50000:15000;19:group:group-19:49991.9:15000","http://127.0.0.1:41745"
"2026-06-25T18:51:39.309Z","v9/aggregation-fns","v9",3,"aggregation","mean","","operation",300000,173.70000000298023,20,"0:group:group-0:49990:15000;10:group:group-10:50000:15000;19:group:group-19:49991.9:15000","http://127.0.0.1:41745"
"2026-06-25T18:51:39.331Z","v9/aggregation-fns","v9",1,"aggregation","median","","operation",30000,15.599999994039536,20,"0:group:group-0:49950:1500;10:group:group-10:50170:1500;19:group:group-19:50001.9:1500","http://127.0.0.1:41745"
"2026-06-25T18:51:39.352Z","v9/aggregation-fns","v9",2,"aggregation","median","","operation",30000,15.5,20,"0:group:group-0:49950:1500;10:group:group-10:50170:1500;19:group:group-19:50001.9:1500","http://127.0.0.1:41745"
"2026-06-25T18:51:39.373Z","v9/aggregation-fns","v9",3,"aggregation","median","","operation",30000,15.300000011920929,20,"0:group:group-0:49950:1500;10:group:group-10:50170:1500;19:group:group-19:50001.9:1500","http://127.0.0.1:41745"
"2026-06-25T18:51:39.641Z","v9/aggregation-fns","v9",1,"aggregation","median","","operation",300000,186,20,"0:group:group-0:49990:15000;10:group:group-10:50000:15000;19:group:group-19:49991.9:15000","http://127.0.0.1:41745"
"2026-06-25T18:51:39.920Z","v9/aggregation-fns","v9",2,"aggregation","median","","operation",300000,193.19999998807907,20,"0:group:group-0:49990:15000;10:group:group-10:50000:15000;19:group:group-19:49991.9:15000","http://127.0.0.1:41745"
"2026-06-25T18:51:40.190Z","v9/aggregation-fns","v9",3,"aggregation","median","","operation",300000,184.79999999701977,20,"0:group:group-0:49990:15000;10:group:group-10:50000:15000;19:group:group-19:49991.9:15000","http://127.0.0.1:41745"
"2026-06-25T18:51:40.209Z","v9/aggregation-fns","v9",1,"aggregation","unique","","operation",30000,9.700000002980232,20,"0:group:group-0:[single|complicated|relationship]:1500;10:group:group-10:[relationship|single|complicated]:1500;19:group:group-19:[relationship|single|complicated]:1500","http://127.0.0.1:41745"
"2026-06-25T18:51:40.228Z","v9/aggregation-fns","v9",2,"aggregation","unique","","operation",30000,13.299999997019768,20,"0:group:group-0:[single|complicated|relationship]:1500;10:group:group-10:[relationship|single|complicated]:1500;19:group:group-19:[relationship|single|complicated]:1500","http://127.0.0.1:41745"
"2026-06-25T18:51:40.245Z","v9/aggregation-fns","v9",3,"aggregation","unique","","operation",30000,11.299999997019768,20,"0:group:group-0:[single|complicated|relationship]:1500;10:group:group-10:[relationship|single|complicated]:1500;19:group:group-19:[relationship|single|complicated]:1500","http://127.0.0.1:41745"
"2026-06-25T18:51:40.528Z","v9/aggregation-fns","v9",1,"aggregation","unique","","operation",300000,198.20000000298023,20,"0:group:group-0:[single|complicated|relationship]:15000;10:group:group-10:[relationship|single|complicated]:15000;19:group:group-19:[relationship|single|complicated]:15000","http://127.0.0.1:41745"
"2026-06-25T18:51:40.782Z","v9/aggregation-fns","v9",2,"aggregation","unique","","operation",300000,170.70000000298023,20,"0:group:group-0:[single|complicated|relationship]:15000;10:group:group-10:[relationship|single|complicated]:15000;19:group:group-19:[relationship|single|complicated]:15000","http://127.0.0.1:41745"
"2026-06-25T18:51:41.033Z","v9/aggregation-fns","v9",3,"aggregation","unique","","operation",300000,164.59999999403954,20,"0:group:group-0:[single|complicated|relationship]:15000;10:group:group-10:[relationship|single|complicated]:15000;19:group:group-19:[relationship|single|complicated]:15000","http://127.0.0.1:41745"
"2026-06-25T18:51:41.051Z","v9/aggregation-fns","v9",1,"aggregation","uniqueCount","","operation",30000,9.099999994039536,20,"0:group:group-0:3:1500;10:group:group-10:3:1500;19:group:group-19:3:1500","http://127.0.0.1:41745"
"2026-06-25T18:51:41.069Z","v9/aggregation-fns","v9",2,"aggregation","uniqueCount","","operation",30000,8.700000002980232,20,"0:group:group-0:3:1500;10:group:group-10:3:1500;19:group:group-19:3:1500","http://127.0.0.1:41745"
"2026-06-25T18:51:41.087Z","v9/aggregation-fns","v9",3,"aggregation","uniqueCount","","operation",30000,8.699999988079071,20,"0:group:group-0:3:1500;10:group:group-10:3:1500;19:group:group-19:3:1500","http://127.0.0.1:41745"
"2026-06-25T18:51:41.347Z","v9/aggregation-fns","v9",1,"aggregation","uniqueCount","","operation",300000,175.29999999701977,20,"0:group:group-0:3:15000;10:group:group-10:3:15000;19:group:group-19:3:15000","http://127.0.0.1:41745"
"2026-06-25T18:51:41.609Z","v9/aggregation-fns","v9",2,"aggregation","uniqueCount","","operation",300000,172.80000001192093,20,"0:group:group-0:3:15000;10:group:group-10:3:15000;19:group:group-19:3:15000","http://127.0.0.1:41745"
"2026-06-25T18:51:41.869Z","v9/aggregation-fns","v9",3,"aggregation","uniqueCount","","operation",300000,173.70000000298023,20,"0:group:group-0:3:15000;10:group:group-10:3:15000;19:group:group-19:3:15000","http://127.0.0.1:41745"
"2026-06-25T18:51:41.881Z","v9/aggregation-fns","v9",1,"aggregation","count","","operation",30000,5,20,"0:group:group-0:1500:1500;10:group:group-10:1500:1500;19:group:group-19:1500:1500","http://127.0.0.1:41745"
"2026-06-25T18:51:41.895Z","v9/aggregation-fns","v9",2,"aggregation","count","","operation",30000,5.0999999940395355,20,"0:group:group-0:1500:1500;10:group:group-10:1500:1500;19:group:group-19:1500:1500","http://127.0.0.1:41745"
"2026-06-25T18:51:41.910Z","v9/aggregation-fns","v9",3,"aggregation","count","","operation",30000,5.200000002980232,20,"0:group:group-0:1500:1500;10:group:group-10:1500:1500;19:group:group-19:1500:1500","http://127.0.0.1:41745"
"2026-06-25T18:51:42.421Z","v9/aggregation-fns","v9",1,"aggregation","count","","operation",300000,82.70000000298023,20,"0:group:group-0:15000:15000;10:group:group-10:15000:15000;19:group:group-19:15000:15000","http://127.0.0.1:41745"
"2026-06-25T18:51:42.612Z","v9/aggregation-fns","v9",2,"aggregation","count","","operation",300000,95.5,20,"0:group:group-0:15000:15000;10:group:group-10:15000:15000;19:group:group-19:15000:15000","http://127.0.0.1:41745"
"2026-06-25T18:51:42.774Z","v9/aggregation-fns","v9",3,"aggregation","count","","operation",300000,78.70000000298023,20,"0:group:group-0:15000:15000;10:group:group-10:15000:15000;19:group:group-19:15000:15000","http://127.0.0.1:41745"